run,step,metric,value,kept_step,wandb_url
qwen3.5-4b_en_only,10,train/loss,1.2197656631469727,300,https://wandb.ai/guardrails-ukr/hiring-bias-mitigation/runs/q3wwvmy2
qwen3.5-4b_en_only,20,train/loss,1.0987652778625487,300,https://wandb.ai/guardrails-ukr/hiring-bias-mitigation/runs/q3wwvmy2
qwen3.5-4b_en_only,30,train/loss,0.8076788902282714,300,https://wandb.ai/guardrails-ukr/hiring-bias-mitigation/runs/q3wwvmy2
qwen3.5-4b_en_only,40,train/loss,0.7371578216552734,300,https://wandb.ai/guardrails-ukr/hiring-bias-mitigation/runs/q3wwvmy2
qwen3.5-4b_en_only,50,train/loss,0.6818236827850341,300,https://wandb.ai/guardrails-ukr/hiring-bias-mitigation/runs/q3wwvmy2
qwen3.5-4b_en_only,60,train/loss,0.6972541809082031,300,https://wandb.ai/guardrails-ukr/hiring-bias-mitigation/runs/q3wwvmy2
qwen3.5-4b_en_only,70,train/loss,0.656711196899414,300,https://wandb.ai/guardrails-ukr/hiring-bias-mitigation/runs/q3wwvmy2
qwen3.5-4b_en_only,80,train/loss,0.6686008930206299,300,https://wandb.ai/guardrails-ukr/hiring-bias-mitigation/runs/q3wwvmy2
qwen3.5-4b_en_only,90,train/loss,0.6296152591705322,300,https://wandb.ai/guardrails-ukr/hiring-bias-mitigation/runs/q3wwvmy2
qwen3.5-4b_en_only,100,train/loss,0.6373246192932129,300,https://wandb.ai/guardrails-ukr/hiring-bias-mitigation/runs/q3wwvmy2
qwen3.5-4b_en_only,100,eval/loss,0.6397190093994141,300,https://wandb.ai/guardrails-ukr/hiring-bias-mitigation/runs/q3wwvmy2
qwen3.5-4b_en_only,100,eval/mean_token_accuracy,0.7982665624534875,300,https://wandb.ai/guardrails-ukr/hiring-bias-mitigation/runs/q3wwvmy2
qwen3.5-4b_en_only,100,eval/entropy,0.6460664860512081,300,https://wandb.ai/guardrails-ukr/hiring-bias-mitigation/runs/q3wwvmy2
qwen3.5-4b_en_only,110,train/loss,0.6310226917266846,300,https://wandb.ai/guardrails-ukr/hiring-bias-mitigation/runs/q3wwvmy2
qwen3.5-4b_en_only,120,train/loss,0.6215560436248779,300,https://wandb.ai/guardrails-ukr/hiring-bias-mitigation/runs/q3wwvmy2
qwen3.5-4b_en_only,130,train/loss,0.597383975982666,300,https://wandb.ai/guardrails-ukr/hiring-bias-mitigation/runs/q3wwvmy2
qwen3.5-4b_en_only,140,train/loss,0.5812897205352783,300,https://wandb.ai/guardrails-ukr/hiring-bias-mitigation/runs/q3wwvmy2
qwen3.5-4b_en_only,150,train/loss,0.6031661033630371,300,https://wandb.ai/guardrails-ukr/hiring-bias-mitigation/runs/q3wwvmy2
qwen3.5-4b_en_only,160,train/loss,0.5720491409301758,300,https://wandb.ai/guardrails-ukr/hiring-bias-mitigation/runs/q3wwvmy2
qwen3.5-4b_en_only,170,train/loss,0.5816018104553222,300,https://wandb.ai/guardrails-ukr/hiring-bias-mitigation/runs/q3wwvmy2
qwen3.5-4b_en_only,180,train/loss,0.5894890785217285,300,https://wandb.ai/guardrails-ukr/hiring-bias-mitigation/runs/q3wwvmy2
qwen3.5-4b_en_only,190,train/loss,0.5784152507781982,300,https://wandb.ai/guardrails-ukr/hiring-bias-mitigation/runs/q3wwvmy2
qwen3.5-4b_en_only,200,train/loss,0.5754181385040283,300,https://wandb.ai/guardrails-ukr/hiring-bias-mitigation/runs/q3wwvmy2
qwen3.5-4b_en_only,200,eval/loss,0.6208338737487793,300,https://wandb.ai/guardrails-ukr/hiring-bias-mitigation/runs/q3wwvmy2
qwen3.5-4b_en_only,200,eval/mean_token_accuracy,0.8082817588981829,300,https://wandb.ai/guardrails-ukr/hiring-bias-mitigation/runs/q3wwvmy2
qwen3.5-4b_en_only,200,eval/entropy,0.5853454452334789,300,https://wandb.ai/guardrails-ukr/hiring-bias-mitigation/runs/q3wwvmy2
qwen3.5-4b_en_only,210,train/loss,0.5567427635192871,300,https://wandb.ai/guardrails-ukr/hiring-bias-mitigation/runs/q3wwvmy2
qwen3.5-4b_en_only,220,train/loss,0.557011079788208,300,https://wandb.ai/guardrails-ukr/hiring-bias-mitigation/runs/q3wwvmy2
qwen3.5-4b_en_only,230,train/loss,0.5319573879241943,300,https://wandb.ai/guardrails-ukr/hiring-bias-mitigation/runs/q3wwvmy2
qwen3.5-4b_en_only,240,train/loss,0.5302213668823242,300,https://wandb.ai/guardrails-ukr/hiring-bias-mitigation/runs/q3wwvmy2
qwen3.5-4b_en_only,250,train/loss,0.5498862266540527,300,https://wandb.ai/guardrails-ukr/hiring-bias-mitigation/runs/q3wwvmy2
qwen3.5-4b_en_only,260,train/loss,0.5199402809143067,300,https://wandb.ai/guardrails-ukr/hiring-bias-mitigation/runs/q3wwvmy2
qwen3.5-4b_en_only,270,train/loss,0.5149397373199462,300,https://wandb.ai/guardrails-ukr/hiring-bias-mitigation/runs/q3wwvmy2
qwen3.5-4b_en_only,280,train/loss,0.5262409687042237,300,https://wandb.ai/guardrails-ukr/hiring-bias-mitigation/runs/q3wwvmy2
qwen3.5-4b_en_only,290,train/loss,0.5302511692047119,300,https://wandb.ai/guardrails-ukr/hiring-bias-mitigation/runs/q3wwvmy2
qwen3.5-4b_en_only,300,train/loss,0.5137917041778565,300,https://wandb.ai/guardrails-ukr/hiring-bias-mitigation/runs/q3wwvmy2
qwen3.5-4b_en_only,300,eval/loss,0.6110504269599915,300,https://wandb.ai/guardrails-ukr/hiring-bias-mitigation/runs/q3wwvmy2
qwen3.5-4b_en_only,300,eval/mean_token_accuracy,0.8067285047288526,300,https://wandb.ai/guardrails-ukr/hiring-bias-mitigation/runs/q3wwvmy2
qwen3.5-4b_en_only,300,eval/entropy,0.5398113155051282,300,https://wandb.ai/guardrails-ukr/hiring-bias-mitigation/runs/q3wwvmy2
qwen3.5-4b_en_only,310,train/loss,0.5210226058959961,300,https://wandb.ai/guardrails-ukr/hiring-bias-mitigation/runs/q3wwvmy2
qwen3.5-4b_en_only,320,train/loss,0.48209686279296876,300,https://wandb.ai/guardrails-ukr/hiring-bias-mitigation/runs/q3wwvmy2
qwen3.5-4b_en_only,330,train/loss,0.4896256446838379,300,https://wandb.ai/guardrails-ukr/hiring-bias-mitigation/runs/q3wwvmy2
qwen3.5-4b_en_only,340,train/loss,0.4974813461303711,300,https://wandb.ai/guardrails-ukr/hiring-bias-mitigation/runs/q3wwvmy2
qwen3.5-4b_en_only,350,train/loss,0.5300071716308594,300,https://wandb.ai/guardrails-ukr/hiring-bias-mitigation/runs/q3wwvmy2
qwen3.5-4b_en_only,360,train/loss,0.5030008792877197,300,https://wandb.ai/guardrails-ukr/hiring-bias-mitigation/runs/q3wwvmy2
qwen3.5-4b_en_only,370,train/loss,0.4917752265930176,300,https://wandb.ai/guardrails-ukr/hiring-bias-mitigation/runs/q3wwvmy2
qwen3.5-4b_en_only,380,train/loss,0.5004316329956054,300,https://wandb.ai/guardrails-ukr/hiring-bias-mitigation/runs/q3wwvmy2
qwen3.5-4b_en_only,390,train/loss,0.4853968143463135,300,https://wandb.ai/guardrails-ukr/hiring-bias-mitigation/runs/q3wwvmy2
qwen3.5-4b_en_only,400,train/loss,0.4929832458496094,300,https://wandb.ai/guardrails-ukr/hiring-bias-mitigation/runs/q3wwvmy2
qwen3.5-4b_en_only,400,eval/loss,0.6138646602630615,300,https://wandb.ai/guardrails-ukr/hiring-bias-mitigation/runs/q3wwvmy2
qwen3.5-4b_en_only,400,eval/mean_token_accuracy,0.807020234957076,300,https://wandb.ai/guardrails-ukr/hiring-bias-mitigation/runs/q3wwvmy2
qwen3.5-4b_en_only,400,eval/entropy,0.5081910023040939,300,https://wandb.ai/guardrails-ukr/hiring-bias-mitigation/runs/q3wwvmy2
qwen3.5-4b_en_only,410,train/loss,0.4840353012084961,300,https://wandb.ai/guardrails-ukr/hiring-bias-mitigation/runs/q3wwvmy2
qwen3.5-4b_en_only,420,train/loss,0.4896420955657959,300,https://wandb.ai/guardrails-ukr/hiring-bias-mitigation/runs/q3wwvmy2
qwen3.5-4b_en_only,430,train/loss,0.4455892086029053,300,https://wandb.ai/guardrails-ukr/hiring-bias-mitigation/runs/q3wwvmy2
qwen3.5-4b_en_only,440,train/loss,0.481687593460083,300,https://wandb.ai/guardrails-ukr/hiring-bias-mitigation/runs/q3wwvmy2
qwen3.5-4b_en_only,450,train/loss,0.49425697326660156,300,https://wandb.ai/guardrails-ukr/hiring-bias-mitigation/runs/q3wwvmy2
qwen3.5-4b_en_only,460,train/loss,0.47328777313232423,300,https://wandb.ai/guardrails-ukr/hiring-bias-mitigation/runs/q3wwvmy2
qwen3.5-4b_en_only,470,train/loss,0.450150203704834,300,https://wandb.ai/guardrails-ukr/hiring-bias-mitigation/runs/q3wwvmy2
qwen3.5-4b_en_only,480,train/loss,0.45633869171142577,300,https://wandb.ai/guardrails-ukr/hiring-bias-mitigation/runs/q3wwvmy2
qwen3.5-4b_en_only,490,train/loss,0.4533785343170166,300,https://wandb.ai/guardrails-ukr/hiring-bias-mitigation/runs/q3wwvmy2
qwen3.5-4b_en_only,500,train/loss,0.4600386619567871,300,https://wandb.ai/guardrails-ukr/hiring-bias-mitigation/runs/q3wwvmy2
qwen3.5-4b_en_only,500,eval/loss,0.6199354529380798,300,https://wandb.ai/guardrails-ukr/hiring-bias-mitigation/runs/q3wwvmy2
qwen3.5-4b_en_only,500,eval/mean_token_accuracy,0.8068130628058785,300,https://wandb.ai/guardrails-ukr/hiring-bias-mitigation/runs/q3wwvmy2
qwen3.5-4b_en_only,500,eval/entropy,0.48165161175686017,300,https://wandb.ai/guardrails-ukr/hiring-bias-mitigation/runs/q3wwvmy2
qwen3.5-4b_en_only,510,train/loss,0.445328426361084,300,https://wandb.ai/guardrails-ukr/hiring-bias-mitigation/runs/q3wwvmy2
qwen3.5-4b_en_only,520,train/loss,0.4456814765930176,300,https://wandb.ai/guardrails-ukr/hiring-bias-mitigation/runs/q3wwvmy2
qwen3.5-4b_en_only,530,train/loss,0.4617005348205566,300,https://wandb.ai/guardrails-ukr/hiring-bias-mitigation/runs/q3wwvmy2
qwen3.5-4b_en_only,540,train/loss,0.4236160755157471,300,https://wandb.ai/guardrails-ukr/hiring-bias-mitigation/runs/q3wwvmy2
qwen3.5-4b_en_only,550,train/loss,0.4222442626953125,300,https://wandb.ai/guardrails-ukr/hiring-bias-mitigation/runs/q3wwvmy2
qwen3.5-4b_en_only,560,train/loss,0.4134183883666992,300,https://wandb.ai/guardrails-ukr/hiring-bias-mitigation/runs/q3wwvmy2
qwen3.5-4b_en_only,570,train/loss,0.4329994678497314,300,https://wandb.ai/guardrails-ukr/hiring-bias-mitigation/runs/q3wwvmy2
qwen3.5-4b_en_only,580,train/loss,0.4091784000396729,300,https://wandb.ai/guardrails-ukr/hiring-bias-mitigation/runs/q3wwvmy2
qwen3.5-4b_en_only,590,train/loss,0.4272502899169922,300,https://wandb.ai/guardrails-ukr/hiring-bias-mitigation/runs/q3wwvmy2
qwen3.5-4b_en_only,600,train/loss,0.3967458486557007,300,https://wandb.ai/guardrails-ukr/hiring-bias-mitigation/runs/q3wwvmy2
qwen3.5-4b_en_only,600,eval/loss,0.6242042779922485,300,https://wandb.ai/guardrails-ukr/hiring-bias-mitigation/runs/q3wwvmy2
qwen3.5-4b_en_only,600,eval/mean_token_accuracy,0.8104555951921564,300,https://wandb.ai/guardrails-ukr/hiring-bias-mitigation/runs/q3wwvmy2
qwen3.5-4b_en_only,600,eval/entropy,0.45117631737600294,300,https://wandb.ai/guardrails-ukr/hiring-bias-mitigation/runs/q3wwvmy2
qwen3.5-4b_en_only,610,train/loss,0.4051342964172363,300,https://wandb.ai/guardrails-ukr/hiring-bias-mitigation/runs/q3wwvmy2
qwen3.5-4b_en_only,620,train/loss,0.40497026443481443,300,https://wandb.ai/guardrails-ukr/hiring-bias-mitigation/runs/q3wwvmy2
qwen3.5-4b_en_only,630,train/loss,0.40289859771728515,300,https://wandb.ai/guardrails-ukr/hiring-bias-mitigation/runs/q3wwvmy2
qwen3.5-4b_en_only,640,train/loss,0.3992553472518921,300,https://wandb.ai/guardrails-ukr/hiring-bias-mitigation/runs/q3wwvmy2
qwen3.5-4b_en_only,650,train/loss,0.4047829627990723,300,https://wandb.ai/guardrails-ukr/hiring-bias-mitigation/runs/q3wwvmy2
qwen3.5-4b_en_only,660,train/loss,0.40115065574645997,300,https://wandb.ai/guardrails-ukr/hiring-bias-mitigation/runs/q3wwvmy2
qwen3.5-4b_en_only,670,train/loss,0.3863465070724487,300,https://wandb.ai/guardrails-ukr/hiring-bias-mitigation/runs/q3wwvmy2
qwen3.5-4b_en_only,680,train/loss,0.3923129320144653,300,https://wandb.ai/guardrails-ukr/hiring-bias-mitigation/runs/q3wwvmy2
qwen3.5-4b_en_only,690,train/loss,0.40932669639587405,300,https://wandb.ai/guardrails-ukr/hiring-bias-mitigation/runs/q3wwvmy2
qwen3.5-4b_en_only,700,train/loss,0.3807766199111938,300,https://wandb.ai/guardrails-ukr/hiring-bias-mitigation/runs/q3wwvmy2
qwen3.5-4b_en_only,700,eval/loss,0.6322768926620483,300,https://wandb.ai/guardrails-ukr/hiring-bias-mitigation/runs/q3wwvmy2
qwen3.5-4b_en_only,700,eval/mean_token_accuracy,0.8107625329703615,300,https://wandb.ai/guardrails-ukr/hiring-bias-mitigation/runs/q3wwvmy2
qwen3.5-4b_en_only,700,eval/entropy,0.443095332959242,300,https://wandb.ai/guardrails-ukr/hiring-bias-mitigation/runs/q3wwvmy2
qwen3.5-4b_en_only,710,train/loss,0.40551934242248533,300,https://wandb.ai/guardrails-ukr/hiring-bias-mitigation/runs/q3wwvmy2
qwen3.5-4b_en_only,720,train/loss,0.35806803703308104,300,https://wandb.ai/guardrails-ukr/hiring-bias-mitigation/runs/q3wwvmy2
qwen3.5-4b_en_only,730,train/loss,0.39180567264556887,300,https://wandb.ai/guardrails-ukr/hiring-bias-mitigation/runs/q3wwvmy2
qwen3.5-4b_en_only,740,train/loss,0.3622150182723999,300,https://wandb.ai/guardrails-ukr/hiring-bias-mitigation/runs/q3wwvmy2
qwen3.5-4b_en_only,750,train/loss,0.38158407211303713,300,https://wandb.ai/guardrails-ukr/hiring-bias-mitigation/runs/q3wwvmy2
qwen3.5-4b_en_only,760,train/loss,0.3701906442642212,300,https://wandb.ai/guardrails-ukr/hiring-bias-mitigation/runs/q3wwvmy2
qwen3.5-4b_en_only,770,train/loss,0.35168430805206297,300,https://wandb.ai/guardrails-ukr/hiring-bias-mitigation/runs/q3wwvmy2
qwen3.5-4b_en_only,780,train/loss,0.3835768222808838,300,https://wandb.ai/guardrails-ukr/hiring-bias-mitigation/runs/q3wwvmy2
qwen3.5-4b_en_only,790,train/loss,0.3872395992279053,300,https://wandb.ai/guardrails-ukr/hiring-bias-mitigation/runs/q3wwvmy2
qwen3.5-4b_en_only,800,train/loss,0.3715584516525269,300,https://wandb.ai/guardrails-ukr/hiring-bias-mitigation/runs/q3wwvmy2
qwen3.5-4b_en_only,800,eval/loss,0.6414432525634766,300,https://wandb.ai/guardrails-ukr/hiring-bias-mitigation/runs/q3wwvmy2
qwen3.5-4b_en_only,800,eval/mean_token_accuracy,0.8120548657157964,300,https://wandb.ai/guardrails-ukr/hiring-bias-mitigation/runs/q3wwvmy2
qwen3.5-4b_en_only,800,eval/entropy,0.42164441472605657,300,https://wandb.ai/guardrails-ukr/hiring-bias-mitigation/runs/q3wwvmy2
qwen3.5-4b_en_only,810,train/loss,0.3554146528244019,300,https://wandb.ai/guardrails-ukr/hiring-bias-mitigation/runs/q3wwvmy2
qwen3.5-4b_en_only,820,train/loss,0.3574408292770386,300,https://wandb.ai/guardrails-ukr/hiring-bias-mitigation/runs/q3wwvmy2
qwen3.5-4b_en_only,830,train/loss,0.3741715431213379,300,https://wandb.ai/guardrails-ukr/hiring-bias-mitigation/runs/q3wwvmy2
qwen3.5-4b_en_only,840,train/loss,0.3788446426391602,300,https://wandb.ai/guardrails-ukr/hiring-bias-mitigation/runs/q3wwvmy2
qwen3.5-4b_en_only,850,train/loss,0.38029680252075193,300,https://wandb.ai/guardrails-ukr/hiring-bias-mitigation/runs/q3wwvmy2
qwen3.5-4b_en_only,860,train/loss,0.38483734130859376,300,https://wandb.ai/guardrails-ukr/hiring-bias-mitigation/runs/q3wwvmy2
qwen3.5-4b_en_only,870,train/loss,0.39275245666503905,300,https://wandb.ai/guardrails-ukr/hiring-bias-mitigation/runs/q3wwvmy2
qwen3.5-4b_en_only,880,train/loss,0.39315459728240965,300,https://wandb.ai/guardrails-ukr/hiring-bias-mitigation/runs/q3wwvmy2
qwen3.5-4b_en_only,890,train/loss,0.3580977201461792,300,https://wandb.ai/guardrails-ukr/hiring-bias-mitigation/runs/q3wwvmy2
qwen3.5-4b_en_only,900,train/loss,0.3956132411956787,300,https://wandb.ai/guardrails-ukr/hiring-bias-mitigation/runs/q3wwvmy2
qwen3.5-4b_en_only,900,eval/loss,0.6403579115867615,300,https://wandb.ai/guardrails-ukr/hiring-bias-mitigation/runs/q3wwvmy2
qwen3.5-4b_en_only,900,eval/mean_token_accuracy,0.8128711016554582,300,https://wandb.ai/guardrails-ukr/hiring-bias-mitigation/runs/q3wwvmy2
qwen3.5-4b_en_only,900,eval/entropy,0.42299979716016534,300,https://wandb.ai/guardrails-ukr/hiring-bias-mitigation/runs/q3wwvmy2
qwen3.5-4b_en_only,910,train/loss,0.3773557424545288,300,https://wandb.ai/guardrails-ukr/hiring-bias-mitigation/runs/q3wwvmy2
qwen3.5-4b_en_only,920,train/loss,0.39681031703948977,300,https://wandb.ai/guardrails-ukr/hiring-bias-mitigation/runs/q3wwvmy2
qwen3.5-4b_en_only,930,train/loss,0.36583571434020995,300,https://wandb.ai/guardrails-ukr/hiring-bias-mitigation/runs/q3wwvmy2
qwen3.5-4b_en_only,940,train/loss,0.3852442026138306,300,https://wandb.ai/guardrails-ukr/hiring-bias-mitigation/runs/q3wwvmy2
qwen3.5-4b_en_only,950,train/loss,0.33755762577056886,300,https://wandb.ai/guardrails-ukr/hiring-bias-mitigation/runs/q3wwvmy2
qwen3.5-4b_en_only,960,train/loss,0.3784128904342651,300,https://wandb.ai/guardrails-ukr/hiring-bias-mitigation/runs/q3wwvmy2
qwen3.5-4b_en_only,970,train/loss,0.3859869956970215,300,https://wandb.ai/guardrails-ukr/hiring-bias-mitigation/runs/q3wwvmy2
qwen3.5-4b_en_only,980,train/loss,0.38325886726379393,300,https://wandb.ai/guardrails-ukr/hiring-bias-mitigation/runs/q3wwvmy2
qwen3.5-4b_en_only,990,train/loss,0.366450572013855,300,https://wandb.ai/guardrails-ukr/hiring-bias-mitigation/runs/q3wwvmy2
qwen3.5-4b_en_only,1000,train/loss,0.3602123737335205,300,https://wandb.ai/guardrails-ukr/hiring-bias-mitigation/runs/q3wwvmy2
qwen3.5-4b_en_only,1000,eval/loss,0.6406132578849792,300,https://wandb.ai/guardrails-ukr/hiring-bias-mitigation/runs/q3wwvmy2
qwen3.5-4b_en_only,1000,eval/mean_token_accuracy,0.8122387141512152,300,https://wandb.ai/guardrails-ukr/hiring-bias-mitigation/runs/q3wwvmy2
qwen3.5-4b_en_only,1000,eval/entropy,0.42389125102444697,300,https://wandb.ai/guardrails-ukr/hiring-bias-mitigation/runs/q3wwvmy2
qwen3.5-4b_en_only,1010,train/loss,0.37374956607818605,300,https://wandb.ai/guardrails-ukr/hiring-bias-mitigation/runs/q3wwvmy2
qwen3.5-4b_en_only,1020,train/loss,0.38108110427856445,300,https://wandb.ai/guardrails-ukr/hiring-bias-mitigation/runs/q3wwvmy2
qwen3.5-4b_en_only,1030,train/loss,0.38225982189178465,300,https://wandb.ai/guardrails-ukr/hiring-bias-mitigation/runs/q3wwvmy2
qwen3.5-4b_en_only,1040,train/loss,0.37666821479797363,300,https://wandb.ai/guardrails-ukr/hiring-bias-mitigation/runs/q3wwvmy2
qwen3.5-4b_en_only,1050,train/loss,0.3647287368774414,300,https://wandb.ai/guardrails-ukr/hiring-bias-mitigation/runs/q3wwvmy2
qwen3.5-4b_en_only,1054,eval/loss,0.6398181319236755,300,https://wandb.ai/guardrails-ukr/hiring-bias-mitigation/runs/q3wwvmy2
qwen3.5-4b_en_only,1054,eval/mean_token_accuracy,0.8126779569868456,300,https://wandb.ai/guardrails-ukr/hiring-bias-mitigation/runs/q3wwvmy2
qwen3.5-4b_en_only,1054,eval/entropy,0.42385457194688025,300,https://wandb.ai/guardrails-ukr/hiring-bias-mitigation/runs/q3wwvmy2
qwen3.5-4b_uk_only,10,train/loss,1.337646770477295,500,https://wandb.ai/guardrails-ukr/hiring-bias-mitigation/runs/tg0ne8da
qwen3.5-4b_uk_only,20,train/loss,1.1768329620361329,500,https://wandb.ai/guardrails-ukr/hiring-bias-mitigation/runs/tg0ne8da
qwen3.5-4b_uk_only,30,train/loss,0.8995006561279297,500,https://wandb.ai/guardrails-ukr/hiring-bias-mitigation/runs/tg0ne8da
qwen3.5-4b_uk_only,40,train/loss,0.6583887100219726,500,https://wandb.ai/guardrails-ukr/hiring-bias-mitigation/runs/tg0ne8da
qwen3.5-4b_uk_only,50,train/loss,0.6182755470275879,500,https://wandb.ai/guardrails-ukr/hiring-bias-mitigation/runs/tg0ne8da
qwen3.5-4b_uk_only,60,train/loss,0.5771164894104004,500,https://wandb.ai/guardrails-ukr/hiring-bias-mitigation/runs/tg0ne8da
qwen3.5-4b_uk_only,70,train/loss,0.5385030746459961,500,https://wandb.ai/guardrails-ukr/hiring-bias-mitigation/runs/tg0ne8da
qwen3.5-4b_uk_only,80,train/loss,0.5617230415344239,500,https://wandb.ai/guardrails-ukr/hiring-bias-mitigation/runs/tg0ne8da
qwen3.5-4b_uk_only,90,train/loss,0.5398136138916015,500,https://wandb.ai/guardrails-ukr/hiring-bias-mitigation/runs/tg0ne8da
qwen3.5-4b_uk_only,100,train/loss,0.5087666988372803,500,https://wandb.ai/guardrails-ukr/hiring-bias-mitigation/runs/tg0ne8da
qwen3.5-4b_uk_only,100,eval/loss,0.5471881031990051,500,https://wandb.ai/guardrails-ukr/hiring-bias-mitigation/runs/tg0ne8da
qwen3.5-4b_uk_only,100,eval/mean_token_accuracy,0.8491094165210482,500,https://wandb.ai/guardrails-ukr/hiring-bias-mitigation/runs/tg0ne8da
qwen3.5-4b_uk_only,100,eval/entropy,0.5893837322917166,500,https://wandb.ai/guardrails-ukr/hiring-bias-mitigation/runs/tg0ne8da
qwen3.5-4b_uk_only,110,train/loss,0.5071937561035156,500,https://wandb.ai/guardrails-ukr/hiring-bias-mitigation/runs/tg0ne8da
qwen3.5-4b_uk_only,120,train/loss,0.5000590801239013,500,https://wandb.ai/guardrails-ukr/hiring-bias-mitigation/runs/tg0ne8da
qwen3.5-4b_uk_only,130,train/loss,0.504058837890625,500,https://wandb.ai/guardrails-ukr/hiring-bias-mitigation/runs/tg0ne8da
qwen3.5-4b_uk_only,140,train/loss,0.504889440536499,500,https://wandb.ai/guardrails-ukr/hiring-bias-mitigation/runs/tg0ne8da
qwen3.5-4b_uk_only,150,train/loss,0.47690629959106445,500,https://wandb.ai/guardrails-ukr/hiring-bias-mitigation/runs/tg0ne8da
qwen3.5-4b_uk_only,160,train/loss,0.47219324111938477,500,https://wandb.ai/guardrails-ukr/hiring-bias-mitigation/runs/tg0ne8da
qwen3.5-4b_uk_only,170,train/loss,0.49869890213012696,500,https://wandb.ai/guardrails-ukr/hiring-bias-mitigation/runs/tg0ne8da
qwen3.5-4b_uk_only,180,train/loss,0.4546648025512695,500,https://wandb.ai/guardrails-ukr/hiring-bias-mitigation/runs/tg0ne8da
qwen3.5-4b_uk_only,190,train/loss,0.4722126007080078,500,https://wandb.ai/guardrails-ukr/hiring-bias-mitigation/runs/tg0ne8da
qwen3.5-4b_uk_only,200,train/loss,0.4706789493560791,500,https://wandb.ai/guardrails-ukr/hiring-bias-mitigation/runs/tg0ne8da
qwen3.5-4b_uk_only,200,eval/loss,0.5160588622093201,500,https://wandb.ai/guardrails-ukr/hiring-bias-mitigation/runs/tg0ne8da
qwen3.5-4b_uk_only,200,eval/mean_token_accuracy,0.8598743330074262,500,https://wandb.ai/guardrails-ukr/hiring-bias-mitigation/runs/tg0ne8da
qwen3.5-4b_uk_only,200,eval/entropy,0.5226550068281874,500,https://wandb.ai/guardrails-ukr/hiring-bias-mitigation/runs/tg0ne8da
qwen3.5-4b_uk_only,210,train/loss,0.46997699737548826,500,https://wandb.ai/guardrails-ukr/hiring-bias-mitigation/runs/tg0ne8da
qwen3.5-4b_uk_only,220,train/loss,0.4758047580718994,500,https://wandb.ai/guardrails-ukr/hiring-bias-mitigation/runs/tg0ne8da
qwen3.5-4b_uk_only,230,train/loss,0.44181113243103026,500,https://wandb.ai/guardrails-ukr/hiring-bias-mitigation/runs/tg0ne8da
qwen3.5-4b_uk_only,240,train/loss,0.4593151092529297,500,https://wandb.ai/guardrails-ukr/hiring-bias-mitigation/runs/tg0ne8da
qwen3.5-4b_uk_only,250,train/loss,0.4410149574279785,500,https://wandb.ai/guardrails-ukr/hiring-bias-mitigation/runs/tg0ne8da
qwen3.5-4b_uk_only,260,train/loss,0.457179594039917,500,https://wandb.ai/guardrails-ukr/hiring-bias-mitigation/runs/tg0ne8da
qwen3.5-4b_uk_only,270,train/loss,0.44565305709838865,500,https://wandb.ai/guardrails-ukr/hiring-bias-mitigation/runs/tg0ne8da
qwen3.5-4b_uk_only,280,train/loss,0.46773614883422854,500,https://wandb.ai/guardrails-ukr/hiring-bias-mitigation/runs/tg0ne8da
qwen3.5-4b_uk_only,290,train/loss,0.4143835067749023,500,https://wandb.ai/guardrails-ukr/hiring-bias-mitigation/runs/tg0ne8da
qwen3.5-4b_uk_only,300,train/loss,0.44346442222595217,500,https://wandb.ai/guardrails-ukr/hiring-bias-mitigation/runs/tg0ne8da
qwen3.5-4b_uk_only,300,eval/loss,0.5037117004394531,500,https://wandb.ai/guardrails-ukr/hiring-bias-mitigation/runs/tg0ne8da
qwen3.5-4b_uk_only,300,eval/mean_token_accuracy,0.8590194628208498,500,https://wandb.ai/guardrails-ukr/hiring-bias-mitigation/runs/tg0ne8da
qwen3.5-4b_uk_only,300,eval/entropy,0.4932680511021916,500,https://wandb.ai/guardrails-ukr/hiring-bias-mitigation/runs/tg0ne8da
qwen3.5-4b_uk_only,310,train/loss,0.42626051902770995,500,https://wandb.ai/guardrails-ukr/hiring-bias-mitigation/runs/tg0ne8da
qwen3.5-4b_uk_only,320,train/loss,0.39900615215301516,500,https://wandb.ai/guardrails-ukr/hiring-bias-mitigation/runs/tg0ne8da
qwen3.5-4b_uk_only,330,train/loss,0.4196387767791748,500,https://wandb.ai/guardrails-ukr/hiring-bias-mitigation/runs/tg0ne8da
qwen3.5-4b_uk_only,340,train/loss,0.4332416534423828,500,https://wandb.ai/guardrails-ukr/hiring-bias-mitigation/runs/tg0ne8da
qwen3.5-4b_uk_only,350,train/loss,0.41849508285522463,500,https://wandb.ai/guardrails-ukr/hiring-bias-mitigation/runs/tg0ne8da
qwen3.5-4b_uk_only,360,train/loss,0.4227609157562256,500,https://wandb.ai/guardrails-ukr/hiring-bias-mitigation/runs/tg0ne8da
qwen3.5-4b_uk_only,370,train/loss,0.4186677932739258,500,https://wandb.ai/guardrails-ukr/hiring-bias-mitigation/runs/tg0ne8da
qwen3.5-4b_uk_only,380,train/loss,0.3992639064788818,500,https://wandb.ai/guardrails-ukr/hiring-bias-mitigation/runs/tg0ne8da
qwen3.5-4b_uk_only,390,train/loss,0.4059558391571045,500,https://wandb.ai/guardrails-ukr/hiring-bias-mitigation/runs/tg0ne8da
qwen3.5-4b_uk_only,400,train/loss,0.40235652923583987,500,https://wandb.ai/guardrails-ukr/hiring-bias-mitigation/runs/tg0ne8da
qwen3.5-4b_uk_only,400,eval/loss,0.50284343957901,500,https://wandb.ai/guardrails-ukr/hiring-bias-mitigation/runs/tg0ne8da
qwen3.5-4b_uk_only,400,eval/mean_token_accuracy,0.8601346536527706,500,https://wandb.ai/guardrails-ukr/hiring-bias-mitigation/runs/tg0ne8da
qwen3.5-4b_uk_only,400,eval/entropy,0.46185325897192653,500,https://wandb.ai/guardrails-ukr/hiring-bias-mitigation/runs/tg0ne8da
qwen3.5-4b_uk_only,410,train/loss,0.3978020906448364,500,https://wandb.ai/guardrails-ukr/hiring-bias-mitigation/runs/tg0ne8da
qwen3.5-4b_uk_only,420,train/loss,0.34680895805358886,500,https://wandb.ai/guardrails-ukr/hiring-bias-mitigation/runs/tg0ne8da
qwen3.5-4b_uk_only,430,train/loss,0.3817615509033203,500,https://wandb.ai/guardrails-ukr/hiring-bias-mitigation/runs/tg0ne8da
qwen3.5-4b_uk_only,440,train/loss,0.3738062381744385,500,https://wandb.ai/guardrails-ukr/hiring-bias-mitigation/runs/tg0ne8da
qwen3.5-4b_uk_only,450,train/loss,0.39674079418182373,500,https://wandb.ai/guardrails-ukr/hiring-bias-mitigation/runs/tg0ne8da
qwen3.5-4b_uk_only,460,train/loss,0.3474778652191162,500,https://wandb.ai/guardrails-ukr/hiring-bias-mitigation/runs/tg0ne8da
qwen3.5-4b_uk_only,470,train/loss,0.3526217222213745,500,https://wandb.ai/guardrails-ukr/hiring-bias-mitigation/runs/tg0ne8da
qwen3.5-4b_uk_only,480,train/loss,0.37517361640930175,500,https://wandb.ai/guardrails-ukr/hiring-bias-mitigation/runs/tg0ne8da
qwen3.5-4b_uk_only,490,train/loss,0.3591575622558594,500,https://wandb.ai/guardrails-ukr/hiring-bias-mitigation/runs/tg0ne8da
qwen3.5-4b_uk_only,500,train/loss,0.3757148504257202,500,https://wandb.ai/guardrails-ukr/hiring-bias-mitigation/runs/tg0ne8da
qwen3.5-4b_uk_only,500,eval/loss,0.49904537200927734,500,https://wandb.ai/guardrails-ukr/hiring-bias-mitigation/runs/tg0ne8da
qwen3.5-4b_uk_only,500,eval/mean_token_accuracy,0.8616530782059778,500,https://wandb.ai/guardrails-ukr/hiring-bias-mitigation/runs/tg0ne8da
qwen3.5-4b_uk_only,500,eval/entropy,0.4434383454956586,500,https://wandb.ai/guardrails-ukr/hiring-bias-mitigation/runs/tg0ne8da
qwen3.5-4b_uk_only,510,train/loss,0.36822190284729006,500,https://wandb.ai/guardrails-ukr/hiring-bias-mitigation/runs/tg0ne8da
qwen3.5-4b_uk_only,520,train/loss,0.38843412399291993,500,https://wandb.ai/guardrails-ukr/hiring-bias-mitigation/runs/tg0ne8da
qwen3.5-4b_uk_only,530,train/loss,0.3532418966293335,500,https://wandb.ai/guardrails-ukr/hiring-bias-mitigation/runs/tg0ne8da
qwen3.5-4b_uk_only,540,train/loss,0.35486464500427245,500,https://wandb.ai/guardrails-ukr/hiring-bias-mitigation/runs/tg0ne8da
qwen3.5-4b_uk_only,550,train/loss,0.37987051010131834,500,https://wandb.ai/guardrails-ukr/hiring-bias-mitigation/runs/tg0ne8da
qwen3.5-4b_uk_only,560,train/loss,0.3412602663040161,500,https://wandb.ai/guardrails-ukr/hiring-bias-mitigation/runs/tg0ne8da
qwen3.5-4b_uk_only,570,train/loss,0.3380605697631836,500,https://wandb.ai/guardrails-ukr/hiring-bias-mitigation/runs/tg0ne8da
qwen3.5-4b_uk_only,580,train/loss,0.3716244697570801,500,https://wandb.ai/guardrails-ukr/hiring-bias-mitigation/runs/tg0ne8da
qwen3.5-4b_uk_only,590,train/loss,0.3591655731201172,500,https://wandb.ai/guardrails-ukr/hiring-bias-mitigation/runs/tg0ne8da
qwen3.5-4b_uk_only,600,train/loss,0.36212151050567626,500,https://wandb.ai/guardrails-ukr/hiring-bias-mitigation/runs/tg0ne8da
qwen3.5-4b_uk_only,600,eval/loss,0.5040654540061951,500,https://wandb.ai/guardrails-ukr/hiring-bias-mitigation/runs/tg0ne8da
qwen3.5-4b_uk_only,600,eval/mean_token_accuracy,0.8605040696602834,500,https://wandb.ai/guardrails-ukr/hiring-bias-mitigation/runs/tg0ne8da
qwen3.5-4b_uk_only,600,eval/entropy,0.4261159425294852,500,https://wandb.ai/guardrails-ukr/hiring-bias-mitigation/runs/tg0ne8da
qwen3.5-4b_uk_only,610,train/loss,0.3629329204559326,500,https://wandb.ai/guardrails-ukr/hiring-bias-mitigation/runs/tg0ne8da
qwen3.5-4b_uk_only,620,train/loss,0.3490711450576782,500,https://wandb.ai/guardrails-ukr/hiring-bias-mitigation/runs/tg0ne8da
qwen3.5-4b_uk_only,630,train/loss,0.35873410701751707,500,https://wandb.ai/guardrails-ukr/hiring-bias-mitigation/runs/tg0ne8da
qwen3.5-4b_uk_only,640,train/loss,0.3556603193283081,500,https://wandb.ai/guardrails-ukr/hiring-bias-mitigation/runs/tg0ne8da
qwen3.5-4b_uk_only,650,train/loss,0.34233219623565675,500,https://wandb.ai/guardrails-ukr/hiring-bias-mitigation/runs/tg0ne8da
qwen3.5-4b_uk_only,660,train/loss,0.3338982343673706,500,https://wandb.ai/guardrails-ukr/hiring-bias-mitigation/runs/tg0ne8da
qwen3.5-4b_uk_only,670,train/loss,0.34223759174346924,500,https://wandb.ai/guardrails-ukr/hiring-bias-mitigation/runs/tg0ne8da
qwen3.5-4b_uk_only,680,train/loss,0.3582097291946411,500,https://wandb.ai/guardrails-ukr/hiring-bias-mitigation/runs/tg0ne8da
qwen3.5-4b_uk_only,690,train/loss,0.3605447053909302,500,https://wandb.ai/guardrails-ukr/hiring-bias-mitigation/runs/tg0ne8da
qwen3.5-4b_uk_only,700,train/loss,0.3431019067764282,500,https://wandb.ai/guardrails-ukr/hiring-bias-mitigation/runs/tg0ne8da
qwen3.5-4b_uk_only,700,eval/loss,0.5039017200469971,500,https://wandb.ai/guardrails-ukr/hiring-bias-mitigation/runs/tg0ne8da
qwen3.5-4b_uk_only,700,eval/mean_token_accuracy,0.8605447766147082,500,https://wandb.ai/guardrails-ukr/hiring-bias-mitigation/runs/tg0ne8da
qwen3.5-4b_uk_only,700,eval/entropy,0.4283452679084826,500,https://wandb.ai/guardrails-ukr/hiring-bias-mitigation/runs/tg0ne8da
qwen3.5-4b_uk_only,710,train/loss,0.3620689153671265,500,https://wandb.ai/guardrails-ukr/hiring-bias-mitigation/runs/tg0ne8da
qwen3.5-4b_uk_only,720,train/loss,0.36968655586242677,500,https://wandb.ai/guardrails-ukr/hiring-bias-mitigation/runs/tg0ne8da
qwen3.5-4b_uk_only,730,train/loss,0.37708852291107176,500,https://wandb.ai/guardrails-ukr/hiring-bias-mitigation/runs/tg0ne8da
qwen3.5-4b_uk_only,740,train/loss,0.3590177774429321,500,https://wandb.ai/guardrails-ukr/hiring-bias-mitigation/runs/tg0ne8da
qwen3.5-4b_uk_only,750,train/loss,0.37864763736724855,500,https://wandb.ai/guardrails-ukr/hiring-bias-mitigation/runs/tg0ne8da
qwen3.5-4b_uk_only,760,train/loss,0.32910957336425783,500,https://wandb.ai/guardrails-ukr/hiring-bias-mitigation/runs/tg0ne8da
qwen3.5-4b_uk_only,770,train/loss,0.3501038312911987,500,https://wandb.ai/guardrails-ukr/hiring-bias-mitigation/runs/tg0ne8da
qwen3.5-4b_uk_only,780,train/loss,0.36730802059173584,500,https://wandb.ai/guardrails-ukr/hiring-bias-mitigation/runs/tg0ne8da
qwen3.5-4b_uk_only,790,train/loss,0.3442156076431274,500,https://wandb.ai/guardrails-ukr/hiring-bias-mitigation/runs/tg0ne8da
qwen3.5-4b_uk_only,800,train/loss,0.35444796085357666,500,https://wandb.ai/guardrails-ukr/hiring-bias-mitigation/runs/tg0ne8da
qwen3.5-4b_uk_only,800,eval/loss,0.5030289888381958,500,https://wandb.ai/guardrails-ukr/hiring-bias-mitigation/runs/tg0ne8da
qwen3.5-4b_uk_only,800,eval/mean_token_accuracy,0.860343254819701,500,https://wandb.ai/guardrails-ukr/hiring-bias-mitigation/runs/tg0ne8da
qwen3.5-4b_uk_only,800,eval/entropy,0.42921575036229964,500,https://wandb.ai/guardrails-ukr/hiring-bias-mitigation/runs/tg0ne8da
qwen3.5-9b_en_only,10,train/loss,1.0911466598510742,100,https://wandb.ai/guardrails-ukr/hiring-bias-mitigation/runs/crcdm05e
qwen3.5-9b_en_only,20,train/loss,0.6603117465972901,100,https://wandb.ai/guardrails-ukr/hiring-bias-mitigation/runs/crcdm05e
qwen3.5-9b_en_only,30,train/loss,0.5968443393707276,100,https://wandb.ai/guardrails-ukr/hiring-bias-mitigation/runs/crcdm05e
qwen3.5-9b_en_only,40,train/loss,0.5756977081298829,100,https://wandb.ai/guardrails-ukr/hiring-bias-mitigation/runs/crcdm05e
qwen3.5-9b_en_only,50,train/loss,0.5361689567565918,100,https://wandb.ai/guardrails-ukr/hiring-bias-mitigation/runs/crcdm05e
qwen3.5-9b_en_only,60,train/loss,0.5855167388916016,100,https://wandb.ai/guardrails-ukr/hiring-bias-mitigation/runs/crcdm05e
qwen3.5-9b_en_only,70,train/loss,0.5290966987609863,100,https://wandb.ai/guardrails-ukr/hiring-bias-mitigation/runs/crcdm05e
qwen3.5-9b_en_only,80,train/loss,0.5251516342163086,100,https://wandb.ai/guardrails-ukr/hiring-bias-mitigation/runs/crcdm05e
qwen3.5-9b_en_only,90,train/loss,0.49371953010559083,100,https://wandb.ai/guardrails-ukr/hiring-bias-mitigation/runs/crcdm05e
qwen3.5-9b_en_only,100,train/loss,0.4900484561920166,100,https://wandb.ai/guardrails-ukr/hiring-bias-mitigation/runs/crcdm05e
qwen3.5-9b_en_only,100,eval/loss,0.5767861008644104,100,https://wandb.ai/guardrails-ukr/hiring-bias-mitigation/runs/crcdm05e
qwen3.5-9b_en_only,100,eval/mean_token_accuracy,0.8149156774345198,100,https://wandb.ai/guardrails-ukr/hiring-bias-mitigation/runs/crcdm05e
qwen3.5-9b_en_only,100,eval/entropy,0.4700163351862054,100,https://wandb.ai/guardrails-ukr/hiring-bias-mitigation/runs/crcdm05e
qwen3.5-9b_en_only,110,train/loss,0.487979793548584,100,https://wandb.ai/guardrails-ukr/hiring-bias-mitigation/runs/crcdm05e
qwen3.5-9b_en_only,120,train/loss,0.4506044864654541,100,https://wandb.ai/guardrails-ukr/hiring-bias-mitigation/runs/crcdm05e
qwen3.5-9b_en_only,130,train/loss,0.4541912078857422,100,https://wandb.ai/guardrails-ukr/hiring-bias-mitigation/runs/crcdm05e
qwen3.5-9b_en_only,140,train/loss,0.4393149375915527,100,https://wandb.ai/guardrails-ukr/hiring-bias-mitigation/runs/crcdm05e
qwen3.5-9b_en_only,150,train/loss,0.4416351318359375,100,https://wandb.ai/guardrails-ukr/hiring-bias-mitigation/runs/crcdm05e
qwen3.5-9b_en_only,160,train/loss,0.41625332832336426,100,https://wandb.ai/guardrails-ukr/hiring-bias-mitigation/runs/crcdm05e
qwen3.5-9b_en_only,170,train/loss,0.41356377601623534,100,https://wandb.ai/guardrails-ukr/hiring-bias-mitigation/runs/crcdm05e
qwen3.5-9b_en_only,180,train/loss,0.4264506816864014,100,https://wandb.ai/guardrails-ukr/hiring-bias-mitigation/runs/crcdm05e
qwen3.5-9b_en_only,190,train/loss,0.4251749515533447,100,https://wandb.ai/guardrails-ukr/hiring-bias-mitigation/runs/crcdm05e
qwen3.5-9b_en_only,200,train/loss,0.4111206531524658,100,https://wandb.ai/guardrails-ukr/hiring-bias-mitigation/runs/crcdm05e
qwen3.5-9b_en_only,200,eval/loss,0.584996223449707,100,https://wandb.ai/guardrails-ukr/hiring-bias-mitigation/runs/crcdm05e
qwen3.5-9b_en_only,200,eval/mean_token_accuracy,0.8172917873190161,100,https://wandb.ai/guardrails-ukr/hiring-bias-mitigation/runs/crcdm05e
qwen3.5-9b_en_only,200,eval/entropy,0.4520385233979476,100,https://wandb.ai/guardrails-ukr/hiring-bias-mitigation/runs/crcdm05e
qwen3.5-9b_en_only,210,train/loss,0.38349356651306155,100,https://wandb.ai/guardrails-ukr/hiring-bias-mitigation/runs/crcdm05e
qwen3.5-9b_en_only,220,train/loss,0.36256511211395265,100,https://wandb.ai/guardrails-ukr/hiring-bias-mitigation/runs/crcdm05e
qwen3.5-9b_en_only,230,train/loss,0.3514458179473877,100,https://wandb.ai/guardrails-ukr/hiring-bias-mitigation/runs/crcdm05e
qwen3.5-9b_en_only,240,train/loss,0.37827486991882325,100,https://wandb.ai/guardrails-ukr/hiring-bias-mitigation/runs/crcdm05e
qwen3.5-9b_en_only,250,train/loss,0.36986961364746096,100,https://wandb.ai/guardrails-ukr/hiring-bias-mitigation/runs/crcdm05e
qwen3.5-9b_en_only,260,train/loss,0.3540289640426636,100,https://wandb.ai/guardrails-ukr/hiring-bias-mitigation/runs/crcdm05e
qwen3.5-9b_en_only,270,train/loss,0.37355785369873046,100,https://wandb.ai/guardrails-ukr/hiring-bias-mitigation/runs/crcdm05e
qwen3.5-9b_en_only,280,train/loss,0.3446622133255005,100,https://wandb.ai/guardrails-ukr/hiring-bias-mitigation/runs/crcdm05e
qwen3.5-9b_en_only,290,train/loss,0.34859457015991213,100,https://wandb.ai/guardrails-ukr/hiring-bias-mitigation/runs/crcdm05e
qwen3.5-9b_en_only,300,train/loss,0.35996212959289553,100,https://wandb.ai/guardrails-ukr/hiring-bias-mitigation/runs/crcdm05e
qwen3.5-9b_en_only,300,eval/loss,0.5848158001899719,100,https://wandb.ai/guardrails-ukr/hiring-bias-mitigation/runs/crcdm05e
qwen3.5-9b_en_only,300,eval/mean_token_accuracy,0.81804211829838,100,https://wandb.ai/guardrails-ukr/hiring-bias-mitigation/runs/crcdm05e
qwen3.5-9b_en_only,300,eval/entropy,0.4217754354079564,100,https://wandb.ai/guardrails-ukr/hiring-bias-mitigation/runs/crcdm05e
qwen3.5-9b_en_only,310,train/loss,0.3363050937652588,100,https://wandb.ai/guardrails-ukr/hiring-bias-mitigation/runs/crcdm05e
qwen3.5-9b_en_only,320,train/loss,0.3149461269378662,100,https://wandb.ai/guardrails-ukr/hiring-bias-mitigation/runs/crcdm05e
qwen3.5-9b_en_only,330,train/loss,0.31479883193969727,100,https://wandb.ai/guardrails-ukr/hiring-bias-mitigation/runs/crcdm05e
qwen3.5-9b_en_only,340,train/loss,0.30434792041778563,100,https://wandb.ai/guardrails-ukr/hiring-bias-mitigation/runs/crcdm05e
qwen3.5-9b_en_only,350,train/loss,0.35715789794921876,100,https://wandb.ai/guardrails-ukr/hiring-bias-mitigation/runs/crcdm05e
qwen3.5-9b_en_only,360,train/loss,0.3167680025100708,100,https://wandb.ai/guardrails-ukr/hiring-bias-mitigation/runs/crcdm05e
qwen3.5-9b_en_only,370,train/loss,0.3174884796142578,100,https://wandb.ai/guardrails-ukr/hiring-bias-mitigation/runs/crcdm05e
qwen3.5-9b_en_only,380,train/loss,0.31652188301086426,100,https://wandb.ai/guardrails-ukr/hiring-bias-mitigation/runs/crcdm05e
qwen3.5-9b_en_only,390,train/loss,0.2985147714614868,100,https://wandb.ai/guardrails-ukr/hiring-bias-mitigation/runs/crcdm05e
qwen3.5-9b_en_only,400,train/loss,0.317259407043457,100,https://wandb.ai/guardrails-ukr/hiring-bias-mitigation/runs/crcdm05e
qwen3.5-9b_en_only,400,eval/loss,0.5845247507095337,100,https://wandb.ai/guardrails-ukr/hiring-bias-mitigation/runs/crcdm05e
qwen3.5-9b_en_only,400,eval/mean_token_accuracy,0.8186683769811663,100,https://wandb.ai/guardrails-ukr/hiring-bias-mitigation/runs/crcdm05e
qwen3.5-9b_en_only,400,eval/entropy,0.42456072673462986,100,https://wandb.ai/guardrails-ukr/hiring-bias-mitigation/runs/crcdm05e
qwen3.5-9b_uk_only,10,train/loss,1.1096678733825684,400,https://wandb.ai/guardrails-ukr/hiring-bias-mitigation/runs/yd2szyt6
qwen3.5-9b_uk_only,20,train/loss,0.54390869140625,400,https://wandb.ai/guardrails-ukr/hiring-bias-mitigation/runs/yd2szyt6
qwen3.5-9b_uk_only,30,train/loss,0.5239184856414795,400,https://wandb.ai/guardrails-ukr/hiring-bias-mitigation/runs/yd2szyt6
qwen3.5-9b_uk_only,40,train/loss,0.4737858772277832,400,https://wandb.ai/guardrails-ukr/hiring-bias-mitigation/runs/yd2szyt6
qwen3.5-9b_uk_only,50,train/loss,0.47045331001281737,400,https://wandb.ai/guardrails-ukr/hiring-bias-mitigation/runs/yd2szyt6
qwen3.5-9b_uk_only,60,train/loss,0.4255836009979248,400,https://wandb.ai/guardrails-ukr/hiring-bias-mitigation/runs/yd2szyt6
qwen3.5-9b_uk_only,70,train/loss,0.3963238954544067,400,https://wandb.ai/guardrails-ukr/hiring-bias-mitigation/runs/yd2szyt6
qwen3.5-9b_uk_only,80,train/loss,0.4221202373504639,400,https://wandb.ai/guardrails-ukr/hiring-bias-mitigation/runs/yd2szyt6
qwen3.5-9b_uk_only,90,train/loss,0.41603999137878417,400,https://wandb.ai/guardrails-ukr/hiring-bias-mitigation/runs/yd2szyt6
qwen3.5-9b_uk_only,100,train/loss,0.374871826171875,400,https://wandb.ai/guardrails-ukr/hiring-bias-mitigation/runs/yd2szyt6
qwen3.5-9b_uk_only,100,eval/loss,0.4576617479324341,400,https://wandb.ai/guardrails-ukr/hiring-bias-mitigation/runs/yd2szyt6
qwen3.5-9b_uk_only,100,eval/mean_token_accuracy,0.863189913804018,400,https://wandb.ai/guardrails-ukr/hiring-bias-mitigation/runs/yd2szyt6
qwen3.5-9b_uk_only,100,eval/entropy,0.3868626050556762,400,https://wandb.ai/guardrails-ukr/hiring-bias-mitigation/runs/yd2szyt6
qwen3.5-9b_uk_only,110,train/loss,0.38660235404968263,400,https://wandb.ai/guardrails-ukr/hiring-bias-mitigation/runs/yd2szyt6
qwen3.5-9b_uk_only,120,train/loss,0.3734023094177246,400,https://wandb.ai/guardrails-ukr/hiring-bias-mitigation/runs/yd2szyt6
qwen3.5-9b_uk_only,130,train/loss,0.36099493503570557,400,https://wandb.ai/guardrails-ukr/hiring-bias-mitigation/runs/yd2szyt6
qwen3.5-9b_uk_only,140,train/loss,0.37665855884552,400,https://wandb.ai/guardrails-ukr/hiring-bias-mitigation/runs/yd2szyt6
qwen3.5-9b_uk_only,150,train/loss,0.3556199073791504,400,https://wandb.ai/guardrails-ukr/hiring-bias-mitigation/runs/yd2szyt6
qwen3.5-9b_uk_only,160,train/loss,0.3411690711975098,400,https://wandb.ai/guardrails-ukr/hiring-bias-mitigation/runs/yd2szyt6
qwen3.5-9b_uk_only,170,train/loss,0.3556007146835327,400,https://wandb.ai/guardrails-ukr/hiring-bias-mitigation/runs/yd2szyt6
qwen3.5-9b_uk_only,180,train/loss,0.32497990131378174,400,https://wandb.ai/guardrails-ukr/hiring-bias-mitigation/runs/yd2szyt6
qwen3.5-9b_uk_only,190,train/loss,0.34246625900268557,400,https://wandb.ai/guardrails-ukr/hiring-bias-mitigation/runs/yd2szyt6
qwen3.5-9b_uk_only,200,train/loss,0.3236670732498169,400,https://wandb.ai/guardrails-ukr/hiring-bias-mitigation/runs/yd2szyt6
qwen3.5-9b_uk_only,200,eval/loss,0.4546298086643219,400,https://wandb.ai/guardrails-ukr/hiring-bias-mitigation/runs/yd2szyt6
qwen3.5-9b_uk_only,200,eval/mean_token_accuracy,0.8683989923211592,400,https://wandb.ai/guardrails-ukr/hiring-bias-mitigation/runs/yd2szyt6
qwen3.5-9b_uk_only,200,eval/entropy,0.3783493856840496,400,https://wandb.ai/guardrails-ukr/hiring-bias-mitigation/runs/yd2szyt6
qwen3.5-9b_uk_only,210,train/loss,0.3430629730224609,400,https://wandb.ai/guardrails-ukr/hiring-bias-mitigation/runs/yd2szyt6
qwen3.5-9b_uk_only,220,train/loss,0.33807005882263186,400,https://wandb.ai/guardrails-ukr/hiring-bias-mitigation/runs/yd2szyt6
qwen3.5-9b_uk_only,230,train/loss,0.3172787666320801,400,https://wandb.ai/guardrails-ukr/hiring-bias-mitigation/runs/yd2szyt6
qwen3.5-9b_uk_only,240,train/loss,0.3288987398147583,400,https://wandb.ai/guardrails-ukr/hiring-bias-mitigation/runs/yd2szyt6
qwen3.5-9b_uk_only,250,train/loss,0.309022855758667,400,https://wandb.ai/guardrails-ukr/hiring-bias-mitigation/runs/yd2szyt6
qwen3.5-9b_uk_only,260,train/loss,0.319315242767334,400,https://wandb.ai/guardrails-ukr/hiring-bias-mitigation/runs/yd2szyt6
qwen3.5-9b_uk_only,270,train/loss,0.3032252311706543,400,https://wandb.ai/guardrails-ukr/hiring-bias-mitigation/runs/yd2szyt6
qwen3.5-9b_uk_only,280,train/loss,0.3329931735992432,400,https://wandb.ai/guardrails-ukr/hiring-bias-mitigation/runs/yd2szyt6
qwen3.5-9b_uk_only,290,train/loss,0.2850323677062988,400,https://wandb.ai/guardrails-ukr/hiring-bias-mitigation/runs/yd2szyt6
qwen3.5-9b_uk_only,300,train/loss,0.27279374599456785,400,https://wandb.ai/guardrails-ukr/hiring-bias-mitigation/runs/yd2szyt6
qwen3.5-9b_uk_only,300,eval/loss,0.4662591814994812,400,https://wandb.ai/guardrails-ukr/hiring-bias-mitigation/runs/yd2szyt6
qwen3.5-9b_uk_only,300,eval/mean_token_accuracy,0.8715790065029,400,https://wandb.ai/guardrails-ukr/hiring-bias-mitigation/runs/yd2szyt6
qwen3.5-9b_uk_only,300,eval/entropy,0.33260759145398683,400,https://wandb.ai/guardrails-ukr/hiring-bias-mitigation/runs/yd2szyt6
qwen3.5-9b_uk_only,310,train/loss,0.2682230234146118,400,https://wandb.ai/guardrails-ukr/hiring-bias-mitigation/runs/yd2szyt6
qwen3.5-9b_uk_only,320,train/loss,0.26834137439727784,400,https://wandb.ai/guardrails-ukr/hiring-bias-mitigation/runs/yd2szyt6
qwen3.5-9b_uk_only,330,train/loss,0.2665071725845337,400,https://wandb.ai/guardrails-ukr/hiring-bias-mitigation/runs/yd2szyt6
qwen3.5-9b_uk_only,340,train/loss,0.2794567346572876,400,https://wandb.ai/guardrails-ukr/hiring-bias-mitigation/runs/yd2szyt6
qwen3.5-9b_uk_only,350,train/loss,0.3040097951889038,400,https://wandb.ai/guardrails-ukr/hiring-bias-mitigation/runs/yd2szyt6
qwen3.5-9b_uk_only,360,train/loss,0.28074305057525634,400,https://wandb.ai/guardrails-ukr/hiring-bias-mitigation/runs/yd2szyt6
qwen3.5-9b_uk_only,370,train/loss,0.2750714778900146,400,https://wandb.ai/guardrails-ukr/hiring-bias-mitigation/runs/yd2szyt6
qwen3.5-9b_uk_only,380,train/loss,0.2515115261077881,400,https://wandb.ai/guardrails-ukr/hiring-bias-mitigation/runs/yd2szyt6
qwen3.5-9b_uk_only,390,train/loss,0.2720266103744507,400,https://wandb.ai/guardrails-ukr/hiring-bias-mitigation/runs/yd2szyt6
qwen3.5-9b_uk_only,400,train/loss,0.24404337406158447,400,https://wandb.ai/guardrails-ukr/hiring-bias-mitigation/runs/yd2szyt6
qwen3.5-9b_uk_only,400,eval/loss,0.45118242502212524,400,https://wandb.ai/guardrails-ukr/hiring-bias-mitigation/runs/yd2szyt6
qwen3.5-9b_uk_only,400,eval/mean_token_accuracy,0.8718160330494747,400,https://wandb.ai/guardrails-ukr/hiring-bias-mitigation/runs/yd2szyt6
qwen3.5-9b_uk_only,400,eval/entropy,0.3226480367062967,400,https://wandb.ai/guardrails-ukr/hiring-bias-mitigation/runs/yd2szyt6
qwen3.5-9b_uk_only,410,train/loss,0.23096973896026612,400,https://wandb.ai/guardrails-ukr/hiring-bias-mitigation/runs/yd2szyt6
qwen3.5-9b_uk_only,420,train/loss,0.16969904899597169,400,https://wandb.ai/guardrails-ukr/hiring-bias-mitigation/runs/yd2szyt6
qwen3.5-9b_uk_only,430,train/loss,0.19634994268417358,400,https://wandb.ai/guardrails-ukr/hiring-bias-mitigation/runs/yd2szyt6
qwen3.5-9b_uk_only,440,train/loss,0.17934738397598265,400,https://wandb.ai/guardrails-ukr/hiring-bias-mitigation/runs/yd2szyt6
qwen3.5-9b_uk_only,450,train/loss,0.2037062644958496,400,https://wandb.ai/guardrails-ukr/hiring-bias-mitigation/runs/yd2szyt6
qwen3.5-9b_uk_only,460,train/loss,0.18269016742706298,400,https://wandb.ai/guardrails-ukr/hiring-bias-mitigation/runs/yd2szyt6
qwen3.5-9b_uk_only,470,train/loss,0.17691770792007447,400,https://wandb.ai/guardrails-ukr/hiring-bias-mitigation/runs/yd2szyt6
qwen3.5-9b_uk_only,480,train/loss,0.1872963786125183,400,https://wandb.ai/guardrails-ukr/hiring-bias-mitigation/runs/yd2szyt6
qwen3.5-9b_uk_only,490,train/loss,0.1842936396598816,400,https://wandb.ai/guardrails-ukr/hiring-bias-mitigation/runs/yd2szyt6
qwen3.5-9b_uk_only,500,train/loss,0.19045348167419435,400,https://wandb.ai/guardrails-ukr/hiring-bias-mitigation/runs/yd2szyt6
qwen3.5-9b_uk_only,500,eval/loss,0.4712212383747101,400,https://wandb.ai/guardrails-ukr/hiring-bias-mitigation/runs/yd2szyt6
qwen3.5-9b_uk_only,500,eval/mean_token_accuracy,0.8706634972668901,400,https://wandb.ai/guardrails-ukr/hiring-bias-mitigation/runs/yd2szyt6
qwen3.5-9b_uk_only,500,eval/entropy,0.2748374978575525,400,https://wandb.ai/guardrails-ukr/hiring-bias-mitigation/runs/yd2szyt6
qwen3.5-9b_uk_only,510,train/loss,0.1990572690963745,400,https://wandb.ai/guardrails-ukr/hiring-bias-mitigation/runs/yd2szyt6
qwen3.5-9b_uk_only,520,train/loss,0.19663140773773194,400,https://wandb.ai/guardrails-ukr/hiring-bias-mitigation/runs/yd2szyt6
qwen3.5-9b_uk_only,530,train/loss,0.1696495532989502,400,https://wandb.ai/guardrails-ukr/hiring-bias-mitigation/runs/yd2szyt6
qwen3.5-9b_uk_only,540,train/loss,0.15971624851226807,400,https://wandb.ai/guardrails-ukr/hiring-bias-mitigation/runs/yd2szyt6
qwen3.5-9b_uk_only,550,train/loss,0.18147802352905273,400,https://wandb.ai/guardrails-ukr/hiring-bias-mitigation/runs/yd2szyt6
qwen3.5-9b_uk_only,560,train/loss,0.16448447704315186,400,https://wandb.ai/guardrails-ukr/hiring-bias-mitigation/runs/yd2szyt6
qwen3.5-9b_uk_only,570,train/loss,0.16642682552337645,400,https://wandb.ai/guardrails-ukr/hiring-bias-mitigation/runs/yd2szyt6
qwen3.5-9b_uk_only,580,train/loss,0.18022488355636596,400,https://wandb.ai/guardrails-ukr/hiring-bias-mitigation/runs/yd2szyt6
qwen3.5-9b_uk_only,590,train/loss,0.1738201141357422,400,https://wandb.ai/guardrails-ukr/hiring-bias-mitigation/runs/yd2szyt6
qwen3.5-9b_uk_only,600,train/loss,0.18020265102386473,400,https://wandb.ai/guardrails-ukr/hiring-bias-mitigation/runs/yd2szyt6
qwen3.5-9b_uk_only,600,eval/loss,0.47942084074020386,400,https://wandb.ai/guardrails-ukr/hiring-bias-mitigation/runs/yd2szyt6
qwen3.5-9b_uk_only,600,eval/mean_token_accuracy,0.8716251027734974,400,https://wandb.ai/guardrails-ukr/hiring-bias-mitigation/runs/yd2szyt6
qwen3.5-9b_uk_only,600,eval/entropy,0.26252687543253356,400,https://wandb.ai/guardrails-ukr/hiring-bias-mitigation/runs/yd2szyt6
qwen3.5-9b_uk_only,610,train/loss,0.1741117238998413,400,https://wandb.ai/guardrails-ukr/hiring-bias-mitigation/runs/yd2szyt6
qwen3.5-9b_uk_only,620,train/loss,0.16787326335906982,400,https://wandb.ai/guardrails-ukr/hiring-bias-mitigation/runs/yd2szyt6
qwen3.5-9b_uk_only,630,train/loss,0.17820652723312377,400,https://wandb.ai/guardrails-ukr/hiring-bias-mitigation/runs/yd2szyt6
qwen3.5-9b_uk_only,640,train/loss,0.16965919733047485,400,https://wandb.ai/guardrails-ukr/hiring-bias-mitigation/runs/yd2szyt6
qwen3.5-9b_uk_only,650,train/loss,0.15276468992233277,400,https://wandb.ai/guardrails-ukr/hiring-bias-mitigation/runs/yd2szyt6
qwen3.5-9b_uk_only,660,train/loss,0.1488440752029419,400,https://wandb.ai/guardrails-ukr/hiring-bias-mitigation/runs/yd2szyt6
qwen3.5-9b_uk_only,670,train/loss,0.16108791828155516,400,https://wandb.ai/guardrails-ukr/hiring-bias-mitigation/runs/yd2szyt6
qwen3.5-9b_uk_only,680,train/loss,0.1675207257270813,400,https://wandb.ai/guardrails-ukr/hiring-bias-mitigation/runs/yd2szyt6
qwen3.5-9b_uk_only,690,train/loss,0.17387917041778564,400,https://wandb.ai/guardrails-ukr/hiring-bias-mitigation/runs/yd2szyt6
qwen3.5-9b_uk_only,700,train/loss,0.16338686943054198,400,https://wandb.ai/guardrails-ukr/hiring-bias-mitigation/runs/yd2szyt6
qwen3.5-9b_uk_only,700,eval/loss,0.47956815361976624,400,https://wandb.ai/guardrails-ukr/hiring-bias-mitigation/runs/yd2szyt6
qwen3.5-9b_uk_only,700,eval/mean_token_accuracy,0.8725747692434094,400,https://wandb.ai/guardrails-ukr/hiring-bias-mitigation/runs/yd2szyt6
qwen3.5-9b_uk_only,700,eval/entropy,0.25474653496772426,400,https://wandb.ai/guardrails-ukr/hiring-bias-mitigation/runs/yd2szyt6
