model,quantile,threshold,hire_rate,unstable,kind,cell
base,0.4,-4.124999945983291,0.5999677938808373,0.1322222222222222,sweep,Qwen3.5-9B EN
adapter,0.4,-5.375000064168125,0.6,0.0266666666666666,sweep,Qwen3.5-9B EN
base,0.41,-3.9999999310821295,0.5899516908212561,0.1351851851851851,sweep,Qwen3.5-9B EN
adapter,0.41,-5.124999986756593,0.5899838969404186,0.0303703703703703,sweep,Qwen3.5-9B EN
base,0.42,-3.8749999840185048,0.58,0.1355555555555555,sweep,Qwen3.5-9B EN
adapter,0.42,-4.87500007994473,0.58,0.0307407407407407,sweep,Qwen3.5-9B EN
base,0.43,-3.750000011175871,0.5698872785829308,0.1348148148148148,sweep,Qwen3.5-9B EN
adapter,0.43,-4.625000184811651,0.5699838969404187,0.0366666666666666,sweep,Qwen3.5-9B EN
base,0.44,-3.6250000351667406,0.56,0.1307407407407407,sweep,Qwen3.5-9B EN
adapter,0.44,-4.499999845400453,0.5599677938808374,0.0377777777777777,sweep,Qwen3.5-9B EN
base,0.45,-3.5000000670552254,0.5499194847020934,0.1344444444444444,sweep,Qwen3.5-9B EN
adapter,0.45,-4.250000039627776,0.5499838969404187,0.04,sweep,Qwen3.5-9B EN
base,0.46,-3.3750001080334187,0.5398067632850242,0.1314814814814814,sweep,Qwen3.5-9B EN
adapter,0.46,-4.124999806135893,0.54,0.0377777777777777,sweep,Qwen3.5-9B EN
base,0.47,-3.374999921657145,0.5299838969404187,0.1314814814814814,sweep,Qwen3.5-9B EN
adapter,0.47,-3.874999973922968,0.529951690821256,0.0433333333333333,sweep,Qwen3.5-9B EN
base,0.48,-3.2499999590218067,0.5198711755233494,0.1333333333333333,sweep,Qwen3.5-9B EN
adapter,0.48,-3.625000104308128,0.5199677938808374,0.0448148148148148,sweep,Qwen3.5-9B EN
base,0.49,-3.125,0.5098550724637682,0.1333333333333333,sweep,Qwen3.5-9B EN
adapter,0.49,-3.500000013038516,0.5099194847020934,0.0474074074074074,sweep,Qwen3.5-9B EN
base,0.5,-3.000000044703484,0.4998389694041868,0.1374074074074074,sweep,Qwen3.5-9B EN
adapter,0.5,-3.3749999459832907,0.5,0.0522222222222222,sweep,Qwen3.5-9B EN
base,0.51,-2.875000089481473,0.4900161030595813,0.1362962962962963,sweep,Qwen3.5-9B EN
adapter,0.51,-3.2499999329820275,0.4900161030595813,0.0503703703703703,sweep,Qwen3.5-9B EN
base,0.52,-2.874999918043613,0.479549114331723,0.1403703703703703,sweep,Qwen3.5-9B EN
adapter,0.52,-3.0000001192092896,0.4799677938808374,0.0488888888888888,sweep,Qwen3.5-9B EN
base,0.53,-2.7499999925494194,0.4696940418679549,0.1403703703703703,sweep,Qwen3.5-9B EN
adapter,0.53,-2.875000082068145,0.4700161030595813,0.0488888888888888,sweep,Qwen3.5-9B EN
base,0.54,-2.6250000670552254,0.4598389694041868,0.1414814814814814,sweep,Qwen3.5-9B EN
adapter,0.54,-2.7500000670552254,0.4599033816425121,0.0496296296296296,sweep,Qwen3.5-9B EN
base,0.55,-2.624999895691872,0.4497262479871176,0.137037037037037,sweep,Qwen3.5-9B EN
adapter,0.55,-2.625000022351742,0.4499838969404187,0.0514814814814814,sweep,Qwen3.5-9B EN
base,0.56,-2.4999999701976776,0.4399033816425121,0.1344444444444444,sweep,Qwen3.5-9B EN
adapter,0.56,-2.499999962747097,0.4398067632850241,0.0537037037037037,sweep,Qwen3.5-9B EN
base,0.57,-2.375000037252903,0.4297906602254428,0.14,sweep,Qwen3.5-9B EN
adapter,0.57,-2.3749999403953552,0.4299194847020934,0.0507407407407407,sweep,Qwen3.5-9B EN
base,0.58,-2.2500001043081284,0.4198067632850241,0.1437037037037037,sweep,Qwen3.5-9B EN
adapter,0.58,-2.249999903142452,0.4198067632850241,0.0511111111111111,sweep,Qwen3.5-9B EN
base,0.59,-2.249999932944774,0.4098872785829308,0.147037037037037,sweep,Qwen3.5-9B EN
adapter,0.59,-2.0000001043081284,0.4097584541062802,0.0481481481481481,sweep,Qwen3.5-9B EN
base,0.6,-2.125000022351742,0.3999677938808373,0.147037037037037,sweep,Qwen3.5-9B EN
adapter,0.6,-1.8750000596046448,0.3999033816425121,0.0448148148148148,sweep,Qwen3.5-9B EN
base,0.61,-2.0000001043081284,0.3894363929146537,0.1477777777777777,sweep,Qwen3.5-9B EN
adapter,0.61,-1.7499999850988388,0.3898228663446055,0.0448148148148148,sweep,Qwen3.5-9B EN
base,0.62,-1.9999999552965164,0.3798711755233494,0.1485185185185185,sweep,Qwen3.5-9B EN
adapter,0.62,-1.6249999552965164,0.3789694041867955,0.0444444444444444,sweep,Qwen3.5-9B EN
base,0.63,-1.875000044703484,0.3696940418679549,0.1448148148148148,sweep,Qwen3.5-9B EN
adapter,0.63,-1.4999999552965164,0.3693397745571659,0.0437037037037037,sweep,Qwen3.5-9B EN
base,0.64,-1.874999895691872,0.359903381642512,0.14,sweep,Qwen3.5-9B EN
adapter,0.64,-1.3749999552965164,0.3594847020933977,0.044074074074074,sweep,Qwen3.5-9B EN
base,0.65,-1.7499999850988388,0.3488888888888889,0.137037037037037,sweep,Qwen3.5-9B EN
adapter,0.65,-1.1250000298023224,0.3480837359098229,0.0392592592592592,sweep,Qwen3.5-9B EN
base,0.66,-1.6250000298023224,0.3392592592592592,0.1366666666666666,sweep,Qwen3.5-9B EN
adapter,0.66,-1.0,0.3399033816425121,0.037037037037037,sweep,Qwen3.5-9B EN
base,0.67,-1.6249999552965164,0.3292753623188406,0.1351851851851851,sweep,Qwen3.5-9B EN
adapter,0.67,-0.7500000298023224,0.3291143317230274,0.0374074074074074,sweep,Qwen3.5-9B EN
base,0.68,-1.5,0.3186151368760064,0.1366666666666666,sweep,Qwen3.5-9B EN
adapter,0.68,-0.625,0.3189371980676329,0.0407407407407407,sweep,Qwen3.5-9B EN
base,0.69,-1.3750000447034836,0.3086312399355878,0.1348148148148148,sweep,Qwen3.5-9B EN
adapter,0.69,-0.5,0.307085346215781,0.0418518518518518,sweep,Qwen3.5-9B EN
base,0.7,-1.3749999701976776,0.298743961352657,0.1322222222222222,sweep,Qwen3.5-9B EN
adapter,0.7,-0.375,0.297037037037037,0.0407407407407407,sweep,Qwen3.5-9B EN
base,0.71,-1.25,0.2866988727858293,0.1314814814814814,sweep,Qwen3.5-9B EN
adapter,0.71,-0.25,0.2891787439613527,0.0366666666666666,sweep,Qwen3.5-9B EN
base,0.72,-1.1250000298023224,0.2767471819645732,0.1322222222222222,sweep,Qwen3.5-9B EN
adapter,0.72,0.0,0.2726570048309178,0.0348148148148148,sweep,Qwen3.5-9B EN
base,0.73,-1.1249999701976776,0.268792270531401,0.1288888888888889,sweep,Qwen3.5-9B EN
adapter,0.73,0.125,0.2648953301127214,0.0355555555555555,sweep,Qwen3.5-9B EN
base,0.74,-1.0,0.2588405797101449,0.1248148148148148,sweep,Qwen3.5-9B EN
adapter,0.74,0.25,0.2573268921095008,0.0366666666666666,sweep,Qwen3.5-9B EN
base,0.75,-0.8750000298023224,0.2489533011272141,0.1222222222222222,sweep,Qwen3.5-9B EN
adapter,0.75,0.375,0.2492431561996779,0.0377777777777777,sweep,Qwen3.5-9B EN
base,0.76,-0.7500000596046448,0.2391304347826087,0.117037037037037,sweep,Qwen3.5-9B EN
adapter,0.76,0.6249999403953552,0.2394847020933977,0.0374074074074074,sweep,Qwen3.5-9B EN
base,0.77,-0.7499999701976776,0.2289533011272141,0.117037037037037,sweep,Qwen3.5-9B EN
adapter,0.77,0.7499999621510506,0.2300161030595813,0.0418518518518518,sweep,Qwen3.5-9B EN
base,0.78,-0.625,0.2175523349436393,0.1159259259259259,sweep,Qwen3.5-9B EN
adapter,0.78,0.8749999701976776,0.2185829307568438,0.0392592592592592,sweep,Qwen3.5-9B EN
base,0.79,-0.5,0.1990338164251207,0.1151851851851851,sweep,Qwen3.5-9B EN
adapter,0.79,1.0,0.2089855072463768,0.0366666666666666,sweep,Qwen3.5-9B EN
base,0.8,-0.5,0.1990338164251207,0.1151851851851851,sweep,Qwen3.5-9B EN
adapter,0.8,1.1250000298023224,0.1997745571658615,0.0325925925925925,sweep,Qwen3.5-9B EN
base,0.81,-0.375,0.1827053140096618,0.1018518518518518,sweep,Qwen3.5-9B EN
adapter,0.81,1.3749999701976776,0.1896940418679549,0.0285185185185185,sweep,Qwen3.5-9B EN
base,0.82,-0.25,0.1698228663446054,0.0929629629629629,sweep,Qwen3.5-9B EN
adapter,0.82,1.5000000447034836,0.179903381642512,0.0274074074074074,sweep,Qwen3.5-9B EN
base,0.83,-0.25,0.1698228663446054,0.0929629629629629,sweep,Qwen3.5-9B EN
adapter,0.83,1.7499999850988388,0.1696940418679549,0.0274074074074074,sweep,Qwen3.5-9B EN
base,0.84,-0.125,0.1575201288244766,0.0855555555555555,sweep,Qwen3.5-9B EN
adapter,0.84,1.8750001192092896,0.1599677938808373,0.0285185185185185,sweep,Qwen3.5-9B EN
base,0.85,0.0,0.144927536231884,0.0807407407407407,sweep,Qwen3.5-9B EN
adapter,0.85,2.125000014901161,0.149951690821256,0.0285185185185185,sweep,Qwen3.5-9B EN
base,0.86,0.125,0.1322061191626409,0.074074074074074,sweep,Qwen3.5-9B EN
adapter,0.86,2.250000096857548,0.1396779388083736,0.0288888888888888,sweep,Qwen3.5-9B EN
base,0.87,0.25,0.1209983896940418,0.0692592592592592,sweep,Qwen3.5-9B EN
adapter,0.87,2.499999910593033,0.1298228663446054,0.0311111111111111,sweep,Qwen3.5-9B EN
base,0.88,0.375,0.1104669887278582,0.0644444444444444,sweep,Qwen3.5-9B EN
adapter,0.88,2.6250000074505806,0.119903381642512,0.0318518518518518,sweep,Qwen3.5-9B EN
base,0.89,0.4999999701976776,0.1088566827697262,0.0666666666666666,sweep,Qwen3.5-9B EN
adapter,0.89,2.8749999091401697,0.1100161030595813,0.0288888888888888,sweep,Qwen3.5-9B EN
base,0.9,0.6249999403953552,0.098647342995169,0.0688888888888888,sweep,Qwen3.5-9B EN
adapter,0.9,3.0000000596046448,0.0999677938808373,0.027037037037037,sweep,Qwen3.5-9B EN
base,0.91,0.6250000596046448,0.08914653784219,0.0629629629629629,sweep,Qwen3.5-9B EN
adapter,0.91,3.249999901615084,0.0900161030595813,0.0266666666666666,sweep,Qwen3.5-9B EN
base,0.92,0.7500000596046448,0.0793236714975845,0.0588888888888888,sweep,Qwen3.5-9B EN
adapter,0.92,3.374999996870756,0.08,0.0244444444444444,sweep,Qwen3.5-9B EN
base,0.93,0.9999999403953552,0.0693397745571658,0.0548148148148148,sweep,Qwen3.5-9B EN
adapter,0.93,3.6249999768473207,0.0700161030595813,0.0203703703703703,sweep,Qwen3.5-9B EN
base,0.94,1.1249999403953552,0.0596457326892109,0.0485185185185185,sweep,Qwen3.5-9B EN
adapter,0.94,3.875000048428774,0.0599677938808373,0.0159259259259259,sweep,Qwen3.5-9B EN
base,0.95,1.2499999701976776,0.0488244766505636,0.044074074074074,sweep,Qwen3.5-9B EN
adapter,0.95,4.4999998054467145,0.0500161030595813,0.01,sweep,Qwen3.5-9B EN
base,,,0.14492753623188406,0.08074074074074074,greedy,Qwen3.5-9B EN
adapter,,,0.27265700483091787,0.03481481481481481,greedy,Qwen3.5-9B EN
base,0.4,-6.749999871850013,0.6,0.2151851851851851,sweep,Qwen3.5-9B UK
adapter,0.4,-16.687500251614257,0.6,0.074074074074074,sweep,Qwen3.5-9B UK
base,0.41,-6.499999813064933,0.5899838969404186,0.2148148148148148,sweep,Qwen3.5-9B UK
adapter,0.41,-16.62500001773049,0.5899838969404186,0.0707407407407407,sweep,Qwen3.5-9B UK
base,0.42,-6.125000163912773,0.5799677938808374,0.2159259259259259,sweep,Qwen3.5-9B UK
adapter,0.42,-16.37500037576625,0.58,0.0577777777777777,sweep,Qwen3.5-9B UK
base,0.43,-5.875000148490071,0.5699838969404187,0.2177777777777777,sweep,Qwen3.5-9B UK
adapter,0.43,-15.750000372796494,0.5699838969404187,0.0577777777777777,sweep,Qwen3.5-9B UK
base,0.44,-5.625000044703484,0.5599677938808374,0.2188888888888888,sweep,Qwen3.5-9B UK
adapter,0.44,-15.562499893685454,0.56,0.0577777777777777,sweep,Qwen3.5-9B UK
base,0.45,-5.374999910593033,0.5499194847020934,0.2185185185185185,sweep,Qwen3.5-9B UK
adapter,0.45,-15.375000135085427,0.5499516908212561,0.0596296296296296,sweep,Qwen3.5-9B UK
base,0.46,-5.124999865889549,0.5399677938808374,0.2188888888888888,sweep,Qwen3.5-9B UK
adapter,0.46,-15.249999663056515,0.54,0.0603703703703703,sweep,Qwen3.5-9B UK
base,0.47,-4.750000186152756,0.5299838969404187,0.22,sweep,Qwen3.5-9B UK
adapter,0.47,-15.06250037064805,0.5299838969404187,0.0614814814814814,sweep,Qwen3.5-9B UK
base,0.48,-4.500000163912773,0.5199677938808374,0.2181481481481481,sweep,Qwen3.5-9B UK
adapter,0.48,-14.937499534075616,0.52,0.0622222222222222,sweep,Qwen3.5-9B UK
base,0.49,-4.250000029802322,0.5099194847020934,0.217037037037037,sweep,Qwen3.5-9B UK
adapter,0.49,-14.749999897918316,0.509951690821256,0.0614814814814814,sweep,Qwen3.5-9B UK
base,0.5,-4.000000018626452,0.5,0.2177777777777777,sweep,Qwen3.5-9B UK
adapter,0.5,-14.624999653489796,0.4999677938808373,0.0644444444444444,sweep,Qwen3.5-9B UK
base,0.51,-3.75,0.4899194847020934,0.22,sweep,Qwen3.5-9B UK
adapter,0.51,-14.375000137928582,0.4900161030595813,0.0629629629629629,sweep,Qwen3.5-9B UK
base,0.52,-3.5000000113248824,0.48,0.2155555555555555,sweep,Qwen3.5-9B UK
adapter,0.52,-14.24999984337308,0.48,0.0611111111111111,sweep,Qwen3.5-9B UK
base,0.53,-3.25,0.4697262479871175,0.2166666666666666,sweep,Qwen3.5-9B UK
adapter,0.53,-14.00000037330028,0.4699838969404187,0.0592592592592592,sweep,Qwen3.5-9B UK
base,0.54,-3.000000033825636,0.46,0.2155555555555555,sweep,Qwen3.5-9B UK
adapter,0.54,-13.874999898747484,0.46,0.0581481481481481,sweep,Qwen3.5-9B UK
base,0.55,-2.7500000305473806,0.4500161030595813,0.22,sweep,Qwen3.5-9B UK
adapter,0.55,-13.749999530941569,0.4500161030595813,0.0588888888888888,sweep,Qwen3.5-9B UK
base,0.56,-2.500000074505806,0.4398711755233494,0.2192592592592592,sweep,Qwen3.5-9B UK
adapter,0.56,-13.499999907021992,0.44,0.0618518518518518,sweep,Qwen3.5-9B UK
base,0.57,-2.3749998807907104,0.4299838969404186,0.217037037037037,sweep,Qwen3.5-9B UK
adapter,0.57,-13.250000391085925,0.4300161030595813,0.0614814814814814,sweep,Qwen3.5-9B UK
base,0.58,-2.1249999701976776,0.4198711755233494,0.2166666666666666,sweep,Qwen3.5-9B UK
adapter,0.58,-13.124999784224492,0.42,0.064074074074074,sweep,Qwen3.5-9B UK
base,0.59,-1.8750000298023224,0.4097584541062802,0.2174074074074074,sweep,Qwen3.5-9B UK
adapter,0.59,-12.875000255935449,0.4100161030595813,0.0651851851851851,sweep,Qwen3.5-9B UK
base,0.6,-1.6250001192092896,0.3999355877616747,0.2185185185185185,sweep,Qwen3.5-9B UK
adapter,0.6,-12.749999666717486,0.3999677938808373,0.0662962962962963,sweep,Qwen3.5-9B UK
base,0.61,-1.5,0.3897262479871176,0.2207407407407407,sweep,Qwen3.5-9B UK
adapter,0.61,-12.500000148721735,0.3900161030595813,0.0648148148148148,sweep,Qwen3.5-9B UK
base,0.62,-1.2500000298023224,0.3791626409017713,0.2181481481481481,sweep,Qwen3.5-9B UK
adapter,0.62,-12.374999908555765,0.3799677938808373,0.06,sweep,Qwen3.5-9B UK
base,0.63,-1.1249999701976776,0.3697584541062801,0.2207407407407407,sweep,Qwen3.5-9B UK
adapter,0.63,-12.125000373453805,0.3700161030595813,0.0581481481481481,sweep,Qwen3.5-9B UK
base,0.64,-0.8750000596046448,0.3591948470209339,0.2181481481481481,sweep,Qwen3.5-9B UK
adapter,0.64,-11.999999550936629,0.36,0.0562962962962962,sweep,Qwen3.5-9B UK
base,0.65,-0.75,0.3483091787439613,0.2166666666666666,sweep,Qwen3.5-9B UK
adapter,0.65,-11.749999576927802,0.3500161030595813,0.0574074074074074,sweep,Qwen3.5-9B UK
base,0.66,-0.6249999403953552,0.3389371980676328,0.2159259259259259,sweep,Qwen3.5-9B UK
adapter,0.66,-11.4999996710298,0.34,0.057037037037037,sweep,Qwen3.5-9B UK
base,0.67,-0.3750000596046448,0.3281803542673108,0.2111111111111111,sweep,Qwen3.5-9B UK
adapter,0.67,-11.249999678680323,0.3300161030595813,0.0551851851851851,sweep,Qwen3.5-9B UK
base,0.68,-0.25,0.3144927536231884,0.2096296296296296,sweep,Qwen3.5-9B UK
adapter,0.68,-10.999999771317237,0.32,0.0551851851851851,sweep,Qwen3.5-9B UK
base,0.69,-0.125,0.3043800322061191,0.2092592592592592,sweep,Qwen3.5-9B UK
adapter,0.69,-10.749999674806604,0.3100161030595813,0.0585185185185185,sweep,Qwen3.5-9B UK
base,0.7,0.0,0.2944283413848631,0.2037037037037037,sweep,Qwen3.5-9B UK
adapter,0.7,-10.462499806212236,0.3,0.0477777777777777,sweep,Qwen3.5-9B UK
base,0.71,0.125,0.2857648953301127,0.2022222222222222,sweep,Qwen3.5-9B UK
adapter,0.71,-10.1250003074322,0.2900161030595813,0.0459259259259259,sweep,Qwen3.5-9B UK
base,0.72,0.25,0.2783252818035426,0.1966666666666666,sweep,Qwen3.5-9B UK
adapter,0.72,-9.874999742552172,0.28,0.0437037037037037,sweep,Qwen3.5-9B UK
base,0.73,0.375,0.269951690821256,0.194074074074074,sweep,Qwen3.5-9B UK
adapter,0.73,-9.499999963074517,0.2700161030595813,0.0414814814814814,sweep,Qwen3.5-9B UK
base,0.74,0.5000000596046448,0.259194847020934,0.1896296296296296,sweep,Qwen3.5-9B UK
adapter,0.74,-9.000000148939435,0.26,0.034074074074074,sweep,Qwen3.5-9B UK
base,0.75,0.7499999403953552,0.2480837359098228,0.1892592592592592,sweep,Qwen3.5-9B UK
adapter,0.75,-8.624999631239916,0.2500161030595813,0.0362962962962963,sweep,Qwen3.5-9B UK
base,0.76,0.8749999701976776,0.2398389694041868,0.1885185185185185,sweep,Qwen3.5-9B UK
adapter,0.76,-8.124999800533988,0.24,0.0359259259259259,sweep,Qwen3.5-9B UK
base,0.77,1.0,0.22573268921095,0.18,sweep,Qwen3.5-9B UK
adapter,0.77,-7.500000161943026,0.2300161030595813,0.0355555555555555,sweep,Qwen3.5-9B UK
base,0.78,1.125,0.2174557165861513,0.1781481481481481,sweep,Qwen3.5-9B UK
adapter,0.78,-7.000000126457308,0.22,0.037037037037037,sweep,Qwen3.5-9B UK
base,0.79,1.25,0.2088888888888889,0.1707407407407407,sweep,Qwen3.5-9B UK
adapter,0.79,-6.624999798834324,0.2099838969404187,0.034074074074074,sweep,Qwen3.5-9B UK
base,0.8,1.3750000298023224,0.1989371980676328,0.1655555555555555,sweep,Qwen3.5-9B UK
adapter,0.8,-6.000000224076212,0.2,0.0385185185185185,sweep,Qwen3.5-9B UK
base,0.81,1.5000000298023224,0.1896940418679549,0.1633333333333333,sweep,Qwen3.5-9B UK
adapter,0.81,-5.500000055893325,0.1900161030595813,0.0362962962962963,sweep,Qwen3.5-9B UK
base,0.82,1.6250000596046448,0.1797423510466988,0.1577777777777777,sweep,Qwen3.5-9B UK
adapter,0.82,-4.8749998462572695,0.18,0.0314814814814814,sweep,Qwen3.5-9B UK
base,0.83,1.7500001192092896,0.1694363929146538,0.1503703703703703,sweep,Qwen3.5-9B UK
adapter,0.83,-4.000000206120312,0.1700161030595813,0.0303703703703703,sweep,Qwen3.5-9B UK
base,0.84,1.9999999403953552,0.1593880837359098,0.1433333333333333,sweep,Qwen3.5-9B UK
adapter,0.84,-3.2499999578297136,0.16,0.0266666666666666,sweep,Qwen3.5-9B UK
base,0.85,2.125,0.1496618357487922,0.14,sweep,Qwen3.5-9B UK
adapter,0.85,-2.499999950453639,0.1500161030595813,0.0259259259259259,sweep,Qwen3.5-9B UK
base,0.86,2.374999910593033,0.1396135265700483,0.1274074074074074,sweep,Qwen3.5-9B UK
adapter,0.86,-1.6250000149011612,0.1399677938808373,0.0211111111111111,sweep,Qwen3.5-9B UK
base,0.87,2.624999910593033,0.1297906602254428,0.1222222222222222,sweep,Qwen3.5-9B UK
adapter,0.87,-0.7499999403953552,0.129951690821256,0.0222222222222222,sweep,Qwen3.5-9B UK
base,0.88,2.7500001192092896,0.1199355877616747,0.1107407407407407,sweep,Qwen3.5-9B UK
adapter,0.88,-0.125,0.1186795491143317,0.0248148148148148,sweep,Qwen3.5-9B UK
base,0.89,3.124999979287386,0.1100161030595813,0.1018518518518518,sweep,Qwen3.5-9B UK
adapter,0.89,0.375,0.1081803542673107,0.0292592592592592,sweep,Qwen3.5-9B UK
base,0.9,3.3750001192092896,0.0999677938808373,0.0962962962962963,sweep,Qwen3.5-9B UK
adapter,0.9,0.75,0.0994202898550724,0.0292592592592592,sweep,Qwen3.5-9B UK
base,0.91,3.750000044703484,0.0899838969404186,0.0911111111111111,sweep,Qwen3.5-9B UK
adapter,0.91,1.1250000298023224,0.0896940418679549,0.0222222222222222,sweep,Qwen3.5-9B UK
base,0.92,4.125000216662884,0.08,0.0859259259259259,sweep,Qwen3.5-9B UK
adapter,0.92,1.7499999850988388,0.079903381642512,0.0188888888888888,sweep,Qwen3.5-9B UK
base,0.93,4.625000029802322,0.069951690821256,0.0777777777777777,sweep,Qwen3.5-9B UK
adapter,0.93,2.1250000819563866,0.0697906602254428,0.0233333333333333,sweep,Qwen3.5-9B UK
base,0.94,5.2499998216331,0.06,0.0692592592592592,sweep,Qwen3.5-9B UK
adapter,0.94,2.500000044703484,0.059903381642512,0.0218518518518518,sweep,Qwen3.5-9B UK
base,0.95,5.874999784678221,0.0500161030595813,0.0611111111111111,sweep,Qwen3.5-9B UK
adapter,0.95,2.9999999424442647,0.0500161030595813,0.02,sweep,Qwen3.5-9B UK
base,,,0.2944283413848631,0.2037037037037037,greedy,Qwen3.5-9B UK
adapter,,,0.11597423510466989,0.025925925925925925,greedy,Qwen3.5-9B UK
base,0.4,22.0,0.5929468599033817,0.3725925925925926,sweep,LAPA-12B EN
adapter,0.4,-9.249999697873136,0.5999677938808373,0.0485185185185185,sweep,LAPA-12B EN
base,0.41,22.5,0.5830595813204509,0.3788888888888889,sweep,LAPA-12B EN
adapter,0.41,-9.12499991825287,0.5899838969404186,0.0448148148148148,sweep,LAPA-12B EN
base,0.42,23.0,0.5735587761674719,0.3811111111111111,sweep,LAPA-12B EN
adapter,0.42,-9.000000021318847,0.58,0.04,sweep,LAPA-12B EN
base,0.43,23.5,0.563317230273752,0.3811111111111111,sweep,LAPA-12B EN
adapter,0.43,-8.874999945085728,0.5699838969404187,0.0359259259259259,sweep,LAPA-12B EN
base,0.44,24.0,0.5514975845410628,0.3874074074074074,sweep,LAPA-12B EN
adapter,0.44,-8.749999722645152,0.56,0.0355555555555555,sweep,LAPA-12B EN
base,0.45,24.5,0.5394524959742351,0.3881481481481481,sweep,LAPA-12B EN
adapter,0.45,-8.624999613325054,0.5499838969404187,0.0377777777777777,sweep,LAPA-12B EN
base,0.46,24.5,0.5394524959742351,0.3881481481481481,sweep,LAPA-12B EN
adapter,0.46,-8.3750004275213,0.54,0.0362962962962963,sweep,LAPA-12B EN
base,0.47,25.0,0.5285346215780998,0.3888888888888889,sweep,LAPA-12B EN
adapter,0.47,-8.25000027452479,0.5299838969404187,0.0403703703703703,sweep,LAPA-12B EN
base,0.48,25.5,0.5155877616747182,0.387037037037037,sweep,LAPA-12B EN
adapter,0.48,-8.125000114772702,0.52,0.0377777777777777,sweep,LAPA-12B EN
base,0.49,26.0,0.5032528180354268,0.3844444444444444,sweep,LAPA-12B EN
adapter,0.49,-7.999999923107098,0.5099838969404187,0.0411111111111111,sweep,LAPA-12B EN
base,0.5,26.5,0.4903381642512077,0.3785185185185185,sweep,LAPA-12B EN
adapter,0.5,-7.874999859486706,0.5,0.037037037037037,sweep,LAPA-12B EN
base,0.51,27.0,0.4772302737520129,0.3748148148148148,sweep,LAPA-12B EN
adapter,0.51,-7.749999764388776,0.4900161030595813,0.0377777777777777,sweep,LAPA-12B EN
base,0.52,27.0,0.4772302737520129,0.3748148148148148,sweep,LAPA-12B EN
adapter,0.52,-7.500000137086026,0.48,0.0377777777777777,sweep,LAPA-12B EN
base,0.53,27.5,0.4627697262479871,0.3788888888888889,sweep,LAPA-12B EN
adapter,0.53,-7.37499996830651,0.4700161030595813,0.0388888888888888,sweep,LAPA-12B EN
base,0.54,28.0,0.4485668276972624,0.3737037037037037,sweep,LAPA-12B EN
adapter,0.54,-7.24999986500945,0.46,0.0359259259259259,sweep,LAPA-12B EN
base,0.55,28.0,0.4485668276972624,0.3737037037037037,sweep,LAPA-12B EN
adapter,0.55,-7.000000148674007,0.4500161030595813,0.0355555555555555,sweep,LAPA-12B EN
base,0.56,28.5,0.4336553945249597,0.3722222222222222,sweep,LAPA-12B EN
adapter,0.56,-6.874999993015081,0.4399677938808373,0.0355555555555555,sweep,LAPA-12B EN
base,0.57,29.0,0.4171658615136876,0.367037037037037,sweep,LAPA-12B EN
adapter,0.57,-6.749999824835686,0.4300161030595813,0.0333333333333333,sweep,LAPA-12B EN
base,0.58,29.0,0.4171658615136876,0.367037037037037,sweep,LAPA-12B EN
adapter,0.58,-6.500000127064996,0.42,0.0348148148148148,sweep,LAPA-12B EN
base,0.59,29.5,0.3996457326892109,0.3555555555555555,sweep,LAPA-12B EN
adapter,0.59,-6.374999984209426,0.4100161030595813,0.0351851851851851,sweep,LAPA-12B EN
base,0.6,29.5,0.3996457326892109,0.3555555555555555,sweep,LAPA-12B EN
adapter,0.6,-6.249999899417162,0.4,0.0374074074074074,sweep,LAPA-12B EN
base,0.61,30.0,0.3834138486312399,0.3485185185185185,sweep,LAPA-12B EN
adapter,0.61,-6.124999857507646,0.3899838969404187,0.0374074074074074,sweep,LAPA-12B EN
base,0.62,30.5,0.3647665056360708,0.3348148148148148,sweep,LAPA-12B EN
adapter,0.62,-5.875000115041621,0.38,0.0344444444444444,sweep,LAPA-12B EN
base,0.63,30.5,0.3647665056360708,0.3348148148148148,sweep,LAPA-12B EN
adapter,0.63,-5.749999788769055,0.3700161030595813,0.0337037037037037,sweep,LAPA-12B EN
base,0.64,31.0,0.347085346215781,0.33,sweep,LAPA-12B EN
adapter,0.64,-5.499999906495214,0.36,0.0407407407407407,sweep,LAPA-12B EN
base,0.65,31.0,0.347085346215781,0.33,sweep,LAPA-12B EN
adapter,0.65,-5.250000065285713,0.3500161030595813,0.0392592592592592,sweep,LAPA-12B EN
base,0.66,31.5,0.3297584541062802,0.3255555555555555,sweep,LAPA-12B EN
adapter,0.66,-5.124999774126336,0.34,0.0348148148148148,sweep,LAPA-12B EN
base,0.67,31.5,0.3297584541062802,0.3255555555555555,sweep,LAPA-12B EN
adapter,0.67,-4.874999909820035,0.3300161030595813,0.037037037037037,sweep,LAPA-12B EN
base,0.68,32.0,0.3133011272141707,0.3148148148148148,sweep,LAPA-12B EN
adapter,0.68,-4.625000090040267,0.32,0.0359259259259259,sweep,LAPA-12B EN
base,0.69,32.5,0.2958776167471819,0.3014814814814814,sweep,LAPA-12B EN
adapter,0.69,-4.375000201519579,0.3100161030595813,0.034074074074074,sweep,LAPA-12B EN
base,0.7,32.5,0.2958776167471819,0.3014814814814814,sweep,LAPA-12B EN
adapter,0.7,-4.249999888706952,0.3,0.0392592592592592,sweep,LAPA-12B EN
base,0.71,33.0,0.2775201288244766,0.2862962962962962,sweep,LAPA-12B EN
adapter,0.71,-4.000000029802322,0.289951690821256,0.037037037037037,sweep,LAPA-12B EN
base,0.72,33.0,0.2775201288244766,0.2862962962962962,sweep,LAPA-12B EN
adapter,0.72,-3.749999995231629,0.28,0.0374074074074074,sweep,LAPA-12B EN
base,0.73,33.5,0.2597101449275362,0.2759259259259259,sweep,LAPA-12B EN
adapter,0.73,-3.499999998137355,0.2699838969404187,0.0348148148148148,sweep,LAPA-12B EN
base,0.74,33.5,0.2597101449275362,0.2759259259259259,sweep,LAPA-12B EN
adapter,0.74,-3.2499999580532317,0.26,0.0359259259259259,sweep,LAPA-12B EN
base,0.75,34.0,0.2443156199677938,0.2651851851851852,sweep,LAPA-12B EN
adapter,0.75,-2.8750000977888703,0.2500161030595813,0.0359259259259259,sweep,LAPA-12B EN
base,0.76,34.5,0.2279549114331723,0.2477777777777778,sweep,LAPA-12B EN
adapter,0.76,-2.624999975860119,0.24,0.0333333333333333,sweep,LAPA-12B EN
base,0.77,34.5,0.2279549114331723,0.2477777777777778,sweep,LAPA-12B EN
adapter,0.77,-2.249999985098839,0.2299194847020934,0.0303703703703703,sweep,LAPA-12B EN
base,0.78,35.0,0.2126892109500805,0.2388888888888889,sweep,LAPA-12B EN
adapter,0.78,-1.8749999403953552,0.2199355877616747,0.0277777777777777,sweep,LAPA-12B EN
base,0.79,35.5,0.1969404186795491,0.2233333333333333,sweep,LAPA-12B EN
adapter,0.79,-1.3750000298023224,0.2097584541062802,0.0277777777777777,sweep,LAPA-12B EN
base,0.8,35.5,0.1969404186795491,0.2233333333333333,sweep,LAPA-12B EN
adapter,0.8,-1.0,0.1994847020933977,0.03,sweep,LAPA-12B EN
base,0.81,36.0,0.1823832528180354,0.2088888888888889,sweep,LAPA-12B EN
adapter,0.81,-0.6249999794363975,0.1900161030595813,0.0314814814814814,sweep,LAPA-12B EN
base,0.82,36.5,0.1680193236714975,0.2022222222222222,sweep,LAPA-12B EN
adapter,0.82,-0.125,0.1786795491143317,0.0177777777777777,sweep,LAPA-12B EN
base,0.83,36.5,0.1680193236714975,0.2022222222222222,sweep,LAPA-12B EN
adapter,0.83,0.375,0.1698228663446054,0.0214814814814814,sweep,LAPA-12B EN
base,0.84,37.0,0.1520772946859903,0.1862962962962963,sweep,LAPA-12B EN
adapter,0.84,0.875,0.1595169082125604,0.0225925925925925,sweep,LAPA-12B EN
base,0.85,37.5,0.1383896940418679,0.1696296296296296,sweep,LAPA-12B EN
adapter,0.85,1.25,0.1493397745571658,0.0259259259259259,sweep,LAPA-12B EN
base,0.86,37.5,0.1383896940418679,0.1696296296296296,sweep,LAPA-12B EN
adapter,0.86,1.5000000149011612,0.1397745571658615,0.0288888888888888,sweep,LAPA-12B EN
base,0.87,38.0,0.1250885668276972,0.1559259259259259,sweep,LAPA-12B EN
adapter,0.87,1.7500000596046448,0.1299838969404186,0.0237037037037037,sweep,LAPA-12B EN
base,0.88,38.5,0.112012882447665,0.1414814814814814,sweep,LAPA-12B EN
adapter,0.88,2.249999888241291,0.1199677938808373,0.0185185185185185,sweep,LAPA-12B EN
base,0.89,39.0,0.1010628019323671,0.1311111111111111,sweep,LAPA-12B EN
adapter,0.89,2.4999999403953552,0.1099838969404186,0.0225925925925925,sweep,LAPA-12B EN
base,0.9,39.5,0.0902737520128824,0.1185185185185185,sweep,LAPA-12B EN
adapter,0.9,2.7500000897794963,0.1,0.0174074074074074,sweep,LAPA-12B EN
base,0.91,40.0,0.0800644122383252,0.104074074074074,sweep,LAPA-12B EN
adapter,0.91,3.125000096857548,0.0899838969404186,0.0148148148148148,sweep,LAPA-12B EN
base,0.92,40.5,0.0708212560386473,0.0962962962962963,sweep,LAPA-12B EN
adapter,0.92,3.624999972358346,0.08,0.0144444444444444,sweep,LAPA-12B EN
base,0.93,41.0,0.0623510466988727,0.0837037037037037,sweep,LAPA-12B EN
adapter,0.93,3.874999915640801,0.0700161030595813,0.0207407407407407,sweep,LAPA-12B EN
base,0.94,41.5,0.0551368760064412,0.0781481481481481,sweep,LAPA-12B EN
adapter,0.94,4.000000080317259,0.06,0.0214814814814814,sweep,LAPA-12B EN
base,0.95,42.0,0.047890499194847,0.0681481481481481,sweep,LAPA-12B EN
adapter,0.95,4.249999882699922,0.0500161030595813,0.0177777777777777,sweep,LAPA-12B EN
base,,,0.7967793880837359,0.21962962962962962,greedy,LAPA-12B EN
adapter,,,0.17665056360708534,0.017777777777777778,greedy,LAPA-12B EN
base,0.4,12.749999639578164,0.6,0.29,sweep,LAPA-12B UK
adapter,0.4,-8.6249996018596,0.6,0.0748148148148148,sweep,LAPA-12B UK
base,0.41,13.249999771737494,0.5899838969404186,0.2955555555555555,sweep,LAPA-12B UK
adapter,0.41,-8.500000070495298,0.5899838969404186,0.0759259259259259,sweep,LAPA-12B UK
base,0.42,13.749999749381097,0.58,0.2985185185185185,sweep,LAPA-12B UK
adapter,0.42,-8.49999960140558,0.58,0.0711111111111111,sweep,LAPA-12B UK
base,0.43,14.249999646164945,0.5699838969404187,0.3003703703703703,sweep,LAPA-12B UK
adapter,0.43,-8.375000065687345,0.5699838969404187,0.0729629629629629,sweep,LAPA-12B UK
base,0.44,14.500000424684258,0.56,0.3018518518518518,sweep,LAPA-12B UK
adapter,0.44,-8.374999529442285,0.56,0.0714814814814814,sweep,LAPA-12B UK
base,0.45,15.000000004377217,0.5499838969404187,0.3014814814814814,sweep,LAPA-12B UK
adapter,0.45,-8.249999976830441,0.5499838969404187,0.0722222222222222,sweep,LAPA-12B UK
base,0.46,15.499999739932829,0.54,0.3007407407407407,sweep,LAPA-12B UK
adapter,0.46,-8.125000341400737,0.54,0.0651851851851851,sweep,LAPA-12B UK
base,0.47,15.750000358356628,0.5299838969404187,0.3014814814814814,sweep,LAPA-12B UK
adapter,0.47,-8.12499976443185,0.5299838969404187,0.0592592592592592,sweep,LAPA-12B UK
base,0.48,16.249999255402944,0.52,0.302962962962963,sweep,LAPA-12B UK
adapter,0.48,-7.999999962262809,0.52,0.0548148148148148,sweep,LAPA-12B UK
base,0.49,16.49999971494806,0.5099838969404187,0.3033333333333333,sweep,LAPA-12B UK
adapter,0.49,-7.87500005956972,0.5099838969404187,0.0477777777777777,sweep,LAPA-12B UK
base,0.5,16.74999996778206,0.5,0.3014814814814814,sweep,LAPA-12B UK
adapter,0.5,-7.750000057392754,0.5,0.0411111111111111,sweep,LAPA-12B UK
base,0.51,17.00000018893974,0.4900161030595813,0.3003703703703703,sweep,LAPA-12B UK
adapter,0.51,-7.625000009546638,0.4900161030595813,0.0388888888888888,sweep,LAPA-12B UK
base,0.52,17.250000411529328,0.48,0.2985185185185185,sweep,LAPA-12B UK
adapter,0.52,-7.49999987735413,0.48,0.0351851851851851,sweep,LAPA-12B UK
base,0.53,17.500000404063613,0.4700161030595813,0.3003703703703703,sweep,LAPA-12B UK
adapter,0.53,-7.250000121091725,0.4700161030595813,0.0325925925925925,sweep,LAPA-12B UK
base,0.54,17.75000020643172,0.46,0.2981481481481481,sweep,LAPA-12B UK
adapter,0.54,-7.124999879880343,0.46,0.0362962962962963,sweep,LAPA-12B UK
base,0.55,18.00000004535541,0.4500161030595813,0.2937037037037037,sweep,LAPA-12B UK
adapter,0.55,-6.875000057223952,0.4500161030595813,0.0344444444444444,sweep,LAPA-12B UK
base,0.56,18.24999990525888,0.44,0.2914814814814815,sweep,LAPA-12B UK
adapter,0.56,-6.749999788124114,0.4399677938808373,0.0422222222222222,sweep,LAPA-12B UK
base,0.57,18.49999952599319,0.4300161030595813,0.2914814814814815,sweep,LAPA-12B UK
adapter,0.57,-6.500000141593628,0.4300161030595813,0.0518518518518518,sweep,LAPA-12B UK
base,0.58,18.50000093113864,0.42,0.2892592592592592,sweep,LAPA-12B UK
adapter,0.58,-6.375000041420572,0.42,0.0548148148148148,sweep,LAPA-12B UK
base,0.59,18.75000042137457,0.4100161030595813,0.2911111111111111,sweep,LAPA-12B UK
adapter,0.59,-6.249999943294097,0.4100161030595813,0.0585185185185185,sweep,LAPA-12B UK
base,0.6,18.999999890162144,0.3999677938808373,0.2885185185185185,sweep,LAPA-12B UK
adapter,0.6,-6.124999810894951,0.4,0.0566666666666666,sweep,LAPA-12B UK
base,0.61,19.24999931178056,0.3900161030595813,0.2844444444444444,sweep,LAPA-12B UK
adapter,0.61,-5.8750000827061015,0.3900161030595813,0.0551851851851851,sweep,LAPA-12B UK
base,0.62,19.25000050753064,0.38,0.2818518518518518,sweep,LAPA-12B UK
adapter,0.62,-5.749999905060977,0.38,0.0548148148148148,sweep,LAPA-12B UK
base,0.63,19.499999771184665,0.3700161030595813,0.2762962962962963,sweep,LAPA-12B UK
adapter,0.63,-5.500000155144371,0.3700161030595813,0.0518518518518518,sweep,LAPA-12B UK
base,0.64,19.749999097784748,0.36,0.2762962962962963,sweep,LAPA-12B UK
adapter,0.64,-5.374999981801957,0.36,0.05,sweep,LAPA-12B UK
base,0.65,19.750000179201017,0.3500161030595813,0.2733333333333333,sweep,LAPA-12B UK
adapter,0.65,-5.125000118976459,0.3500161030595813,0.0518518518518518,sweep,LAPA-12B UK
base,0.66,19.999999539345158,0.34,0.2685185185185185,sweep,LAPA-12B UK
adapter,0.66,-4.999999832669273,0.34,0.0518518518518518,sweep,LAPA-12B UK
base,0.67,20.000000556581654,0.3299838969404187,0.2577777777777778,sweep,LAPA-12B UK
adapter,0.67,-4.749999895552174,0.3300161030595813,0.0533333333333333,sweep,LAPA-12B UK
base,0.68,20.24999976443127,0.32,0.2537037037037037,sweep,LAPA-12B UK
adapter,0.68,-4.499999981485307,0.32,0.0481481481481481,sweep,LAPA-12B UK
base,0.69,20.250000749615136,0.3100161030595813,0.2496296296296296,sweep,LAPA-12B UK
adapter,0.69,-4.249999948022887,0.3100161030595813,0.0462962962962962,sweep,LAPA-12B UK
base,0.7,20.499999801549716,0.3,0.2488888888888888,sweep,LAPA-12B UK
adapter,0.7,-3.9999999847263097,0.3,0.0451851851851851,sweep,LAPA-12B UK
base,0.71,20.50000072366471,0.2900161030595813,0.2396296296296296,sweep,LAPA-12B UK
adapter,0.71,-3.749999983627349,0.2900161030595813,0.0418518518518518,sweep,LAPA-12B UK
base,0.72,20.749999667465453,0.28,0.2407407407407407,sweep,LAPA-12B UK
adapter,0.72,-3.499999925494194,0.2799677938808373,0.0355555555555555,sweep,LAPA-12B UK
base,0.73,20.75000062411331,0.2700161030595813,0.2325925925925926,sweep,LAPA-12B UK
adapter,0.73,-3.1249999487027527,0.2700161030595813,0.034074074074074,sweep,LAPA-12B UK
base,0.74,20.999999536966207,0.26,0.227037037037037,sweep,LAPA-12B UK
adapter,0.74,-2.750000096857548,0.2599033816425121,0.0359259259259259,sweep,LAPA-12B UK
base,0.75,21.000000305924917,0.2500161030595813,0.2166666666666666,sweep,LAPA-12B UK
adapter,0.75,-2.4999999925494194,0.2499194847020934,0.0351851851851851,sweep,LAPA-12B UK
base,0.76,21.24999931979808,0.24,0.2103703703703703,sweep,LAPA-12B UK
adapter,0.76,-2.249999903142452,0.2399355877616747,0.0314814814814814,sweep,LAPA-12B UK
base,0.77,21.25000026066424,0.2300161030595813,0.2048148148148148,sweep,LAPA-12B UK
adapter,0.77,-1.8749999891221525,0.2300161030595813,0.0314814814814814,sweep,LAPA-12B UK
base,0.78,21.499999237779992,0.22,0.1974074074074074,sweep,LAPA-12B UK
adapter,0.78,-1.5000000447034836,0.2197745571658615,0.0281481481481481,sweep,LAPA-12B UK
base,0.79,21.500000133250285,0.2100161030595813,0.1922222222222222,sweep,LAPA-12B UK
adapter,0.79,-1.2499999701976776,0.2095974235104669,0.03,sweep,LAPA-12B UK
base,0.8,21.50000088782981,0.2,0.1811111111111111,sweep,LAPA-12B UK
adapter,0.8,-0.8750000298023224,0.1995169082125603,0.0311111111111111,sweep,LAPA-12B UK
base,0.81,21.749999814875192,0.1900161030595813,0.1814814814814815,sweep,LAPA-12B UK
adapter,0.81,-0.625,0.1898550724637681,0.0374074074074074,sweep,LAPA-12B UK
base,0.82,21.750000564603837,0.18,0.1711111111111111,sweep,LAPA-12B UK
adapter,0.82,-0.375,0.1768760064412238,0.0374074074074074,sweep,LAPA-12B UK
base,0.83,21.99999946406635,0.1700161030595813,0.1659259259259259,sweep,LAPA-12B UK
adapter,0.83,-0.125,0.1673429951690821,0.03,sweep,LAPA-12B UK
base,0.84,22.000000252461177,0.1599677938808373,0.16,sweep,LAPA-12B UK
adapter,0.84,0.125,0.1598711755233494,0.0225925925925925,sweep,LAPA-12B UK
base,0.85,22.249999129213396,0.1499838969404187,0.1481481481481481,sweep,LAPA-12B UK
adapter,0.85,0.7500000298023224,0.1498872785829307,0.0144444444444444,sweep,LAPA-12B UK
base,0.86,22.24999989012169,0.14,0.1462962962962962,sweep,LAPA-12B UK
adapter,0.86,1.5000000149011612,0.1396457326892109,0.0177777777777777,sweep,LAPA-12B UK
base,0.87,22.250000703210823,0.1300161030595813,0.137037037037037,sweep,LAPA-12B UK
adapter,0.87,1.9999999552965164,0.1297906602254428,0.0203703703703703,sweep,LAPA-12B UK
base,0.88,22.49999959392473,0.12,0.1325925925925926,sweep,LAPA-12B UK
adapter,0.88,2.375000052154064,0.1199355877616747,0.0192592592592592,sweep,LAPA-12B UK
base,0.89,22.500000423942986,0.1100161030595813,0.1251851851851851,sweep,LAPA-12B UK
adapter,0.89,2.7500000194460155,0.1100161030595813,0.0177777777777777,sweep,LAPA-12B UK
base,0.9,22.74999931710772,0.0999677938808373,0.1148148148148148,sweep,LAPA-12B UK
adapter,0.9,3.125000096857548,0.0999677938808373,0.0144444444444444,sweep,LAPA-12B UK
base,0.91,22.750000194539897,0.0900161030595813,0.1051851851851851,sweep,LAPA-12B UK
adapter,0.91,3.499999951571226,0.0898872785829307,0.0203703703703703,sweep,LAPA-12B UK
base,0.92,22.9999991581752,0.08,0.0959259259259259,sweep,LAPA-12B UK
adapter,0.92,3.625000080093741,0.0799355877616747,0.0229629629629629,sweep,LAPA-12B UK
base,0.93,23.00000004296773,0.0700161030595813,0.0874074074074074,sweep,LAPA-12B UK
adapter,0.93,3.8750000037252894,0.0699838969404186,0.0177777777777777,sweep,LAPA-12B UK
base,0.94,23.249999171801463,0.06,0.0759259259259259,sweep,LAPA-12B UK
adapter,0.94,4.124999906979501,0.06,0.0155555555555555,sweep,LAPA-12B UK
base,0.95,23.25000049267255,0.0500161030595813,0.0662962962962963,sweep,LAPA-12B UK
adapter,0.95,4.374999919068069,0.0500161030595813,0.0162962962962962,sweep,LAPA-12B UK
base,,,0.755072463768116,0.21925925925925926,greedy,LAPA-12B UK
adapter,,,0.16373590982286634,0.025185185185185185,greedy,LAPA-12B UK
