model,quantile,threshold,hire_rate,unstable
base,0.4,-4.124999945983291,0.5999677938808373,0.1322222222222222
adapter,0.4,-5.375000064168125,0.6,0.02666666666666667
base,0.41,-3.9999999310821295,0.5899516908212561,0.13518518518518519
adapter,0.41,-5.124999986756593,0.5899838969404186,0.03037037037037037
base,0.42,-3.8749999840185048,0.58,0.13555555555555557
adapter,0.42,-4.87500007994473,0.58,0.030740740740740742
base,0.43,-3.750000011175871,0.5698872785829308,0.1348148148148148
adapter,0.43,-4.625000184811651,0.5699838969404187,0.03666666666666667
base,0.44,-3.6250000351667406,0.56,0.13074074074074074
adapter,0.44,-4.499999845400453,0.5599677938808374,0.03777777777777778
base,0.45,-3.5000000670552254,0.5499194847020934,0.13444444444444445
adapter,0.45,-4.250000039627776,0.5499838969404187,0.04
base,0.46,-3.3750001080334187,0.5398067632850242,0.13148148148148148
adapter,0.46,-4.124999806135893,0.54,0.03777777777777778
base,0.47,-3.374999921657145,0.5299838969404187,0.13148148148148148
adapter,0.47,-3.874999973922968,0.529951690821256,0.043333333333333335
base,0.48,-3.2499999590218067,0.5198711755233494,0.13333333333333333
adapter,0.48,-3.6250001043081284,0.5199677938808374,0.044814814814814814
base,0.49,-3.125,0.5098550724637682,0.13333333333333333
adapter,0.49,-3.500000013038516,0.5099194847020934,0.047407407407407405
base,0.5,-3.0000000447034836,0.4998389694041868,0.1374074074074074
adapter,0.5,-3.3749999459832907,0.5,0.052222222222222225
base,0.51,-2.875000089481473,0.4900161030595813,0.1362962962962963
adapter,0.51,-3.2499999329820275,0.4900161030595813,0.05037037037037037
base,0.52,-2.8749999180436134,0.47954911433172304,0.14037037037037037
adapter,0.52,-3.0000001192092896,0.4799677938808374,0.04888888888888889
base,0.53,-2.7499999925494194,0.46969404186795494,0.14037037037037037
adapter,0.53,-2.875000082068145,0.4700161030595813,0.04888888888888889
base,0.54,-2.6250000670552254,0.4598389694041868,0.14148148148148149
adapter,0.54,-2.7500000670552254,0.4599033816425121,0.04962962962962963
base,0.55,-2.6249998956918716,0.4497262479871176,0.13703703703703704
adapter,0.55,-2.625000022351742,0.4499838969404187,0.05148148148148148
base,0.56,-2.4999999701976776,0.4399033816425121,0.13444444444444445
adapter,0.56,-2.499999962747097,0.43980676328502416,0.053703703703703705
base,0.57,-2.375000037252903,0.4297906602254428,0.14
adapter,0.57,-2.3749999403953552,0.4299194847020934,0.05074074074074074
base,0.58,-2.2500001043081284,0.41980676328502414,0.1437037037037037
adapter,0.58,-2.2499999031424522,0.41980676328502414,0.051111111111111114
base,0.59,-2.2499999329447746,0.4098872785829308,0.14703703703703705
adapter,0.59,-2.0000001043081284,0.4097584541062802,0.04814814814814815
base,0.6,-2.125000022351742,0.39996779388083736,0.14703703703703705
adapter,0.6,-1.8750000596046448,0.3999033816425121,0.044814814814814814
base,0.61,-2.0000001043081284,0.38943639291465376,0.14777777777777779
adapter,0.61,-1.7499999850988388,0.3898228663446055,0.044814814814814814
base,0.62,-1.9999999552965164,0.3798711755233494,0.14851851851851852
adapter,0.62,-1.6249999552965164,0.3789694041867955,0.044444444444444446
base,0.63,-1.8750000447034836,0.3696940418679549,0.1448148148148148
adapter,0.63,-1.4999999552965164,0.3693397745571659,0.0437037037037037
base,0.64,-1.8749998956918716,0.35990338164251207,0.14
adapter,0.64,-1.3749999552965164,0.3594847020933977,0.04407407407407407
base,0.65,-1.7499999850988388,0.3488888888888889,0.13703703703703704
adapter,0.65,-1.1250000298023224,0.3480837359098229,0.03925925925925926
base,0.66,-1.6250000298023224,0.33925925925925926,0.13666666666666666
adapter,0.66,-1.0,0.3399033816425121,0.037037037037037035
base,0.67,-1.6249999552965164,0.3292753623188406,0.13518518518518519
adapter,0.67,-0.7500000298023224,0.3291143317230274,0.03740740740740741
base,0.68,-1.5,0.31861513687600646,0.13666666666666666
adapter,0.68,-0.625,0.3189371980676329,0.040740740740740744
base,0.69,-1.3750000447034836,0.3086312399355878,0.1348148148148148
adapter,0.69,-0.5,0.307085346215781,0.04185185185185185
base,0.7,-1.3749999701976776,0.298743961352657,0.1322222222222222
adapter,0.7,-0.375,0.29703703703703704,0.040740740740740744
base,0.71,-1.25,0.2866988727858293,0.13148148148148148
adapter,0.71,-0.25,0.2891787439613527,0.03666666666666667
base,0.72,-1.1250000298023224,0.27674718196457326,0.1322222222222222
adapter,0.72,0.0,0.27265700483091787,0.03481481481481481
base,0.73,-1.1249999701976776,0.268792270531401,0.1288888888888889
adapter,0.73,0.125,0.2648953301127214,0.035555555555555556
base,0.74,-1.0,0.2588405797101449,0.12481481481481481
adapter,0.74,0.25,0.2573268921095008,0.03666666666666667
base,0.75,-0.8750000298023224,0.24895330112721417,0.12222222222222222
adapter,0.75,0.375,0.24924315619967793,0.03777777777777778
base,0.76,-0.7500000596046448,0.2391304347826087,0.11703703703703704
adapter,0.76,0.6249999403953552,0.23948470209339776,0.03740740740740741
base,0.77,-0.7499999701976776,0.22895330112721418,0.11703703703703704
adapter,0.77,0.7499999621510506,0.2300161030595813,0.04185185185185185
base,0.78,-0.625,0.2175523349436393,0.11592592592592593
adapter,0.78,0.8749999701976776,0.2185829307568438,0.03925925925925926
base,0.79,-0.5,0.19903381642512077,0.11518518518518518
adapter,0.79,1.0,0.20898550724637682,0.03666666666666667
base,0.8,-0.5,0.19903381642512077,0.11518518518518518
adapter,0.8,1.1250000298023224,0.1997745571658615,0.03259259259259259
base,0.81,-0.375,0.18270531400966183,0.10185185185185185
adapter,0.81,1.3749999701976776,0.1896940418679549,0.02851851851851852
base,0.82,-0.25,0.16982286634460547,0.09296296296296297
adapter,0.82,1.5000000447034836,0.17990338164251207,0.027407407407407408
base,0.83,-0.25,0.16982286634460547,0.09296296296296297
adapter,0.83,1.7499999850988388,0.16969404186795492,0.027407407407407408
base,0.84,-0.125,0.15752012882447666,0.08555555555555555
adapter,0.84,1.8750001192092896,0.15996779388083737,0.02851851851851852
base,0.85,0.0,0.14492753623188406,0.08074074074074074
adapter,0.85,2.125000014901161,0.14995169082125603,0.02851851851851852
base,0.86,0.125,0.1322061191626409,0.07407407407407407
adapter,0.86,2.2500000968575478,0.1396779388083736,0.028888888888888888
base,0.87,0.25,0.12099838969404186,0.06925925925925926
adapter,0.87,2.499999910593033,0.12982286634460546,0.03111111111111111
base,0.88,0.375,0.11046698872785829,0.06444444444444444
adapter,0.88,2.6250000074505806,0.11990338164251207,0.03185185185185185
base,0.89,0.4999999701976776,0.10885668276972625,0.06666666666666667
adapter,0.89,2.8749999091401697,0.11001610305958132,0.028888888888888888
base,0.9,0.6249999403953552,0.09864734299516909,0.06888888888888889
adapter,0.9,3.0000000596046448,0.09996779388083736,0.027037037037037037
base,0.91,0.6250000596046448,0.08914653784219001,0.06296296296296296
adapter,0.91,3.2499999016150833,0.09001610305958133,0.02666666666666667
base,0.92,0.7500000596046448,0.07932367149758454,0.058888888888888886
adapter,0.92,3.374999996870756,0.08,0.024444444444444446
base,0.93,0.9999999403953552,0.06933977455716586,0.054814814814814816
adapter,0.93,3.6249999768473207,0.07001610305958132,0.020370370370370372
base,0.94,1.1249999403953552,0.05964573268921095,0.048518518518518516
adapter,0.94,3.875000048428774,0.05996779388083736,0.015925925925925927
base,0.95,1.2499999701976776,0.04882447665056361,0.04407407407407407
adapter,0.95,4.4999998054467145,0.05001610305958132,0.01
